screen_time_hours,unlocks_per_day,social_media_hours,night_usage_ratio,sleep_hours,raw_addiction_score
4.0,86,3.6,35.0,6.1,10.0
5.5,96,1.1,16.36,6.5,10.0
5.8,137,0.3,8.62,5.5,9.2
3.1,128,3.1,45.16,3.9,9.8
2.5,96,2.6,40.0,6.7,8.6
3.9,135,3.8,28.21,6.3,8.8
6.3,129,1.8,12.7,6.7,10.0
5.1,34,2.3,19.61,6.1,8.0
3.0,70,2.7,30.0,9.1,7.3
3.9,121,2.7,23.08,5.8,9.1
4.9,84,3.1,12.24,7.0,10.0
1.6,147,1.9,56.25,5.9,9.8
7.4,59,4.3,14.86,5.8,10.0
8.7,76,4.2,8.05,5.5,10.0
6.4,50,5.0,7.81,8.5,10.0
4.4,134,2.2,27.27,6.6,10.0
5.4,36,2.6,16.67,7.8,10.0
3.0,95,3.0,40.0,6.1,10.0
7.9,58,2.2,12.66,8.5,10.0
5.4,83,1.6,11.11,5.9,10.0
3.0,58,1.7,50.0,5.1,6.2
2.7,112,2.1,62.96,6.3,9.9
2.7,117,2.5,62.96,5.1,9.5
6.9,32,2.0,11.59,3.6,10.0
4.6,71,1.8,23.91,7.2,6.0
5.5,44,0.9,12.73,5.9,8.4
6.2,115,2.1,17.74,4.5,10.0
4.9,117,3.5,6.12,9.3,10.0
6.6,147,2.0,22.73,8.1,10.0
8.6,72,0.2,15.12,5.2,10.0
4.1,32,2.2,14.63,4.5,7.7
4.2,100,2.6,23.81,6.9,10.0
8.0,26,3.3,12.5,5.5,10.0
3.3,141,0.7,9.09,5.3,10.0
4.7,123,1.0,12.77,6.6,9.6
3.9,135,1.2,23.08,6.3,8.4
4.4,66,0.9,38.64,6.8,4.6
8.3,144,2.3,15.66,6.2,10.0
7.4,117,1.6,21.62,6.9,10.0
1.7,107,2.4,41.18,6.8,7.0
6.2,141,3.8,17.74,8.3,10.0
5.2,119,3.0,13.46,7.2,10.0
3.3,77,1.1,9.09,5.3,7.9
6.9,140,3.0,4.35,6.2,10.0
6.6,56,2.1,30.3,5.0,10.0
1.0,25,3.1,40.0,6.2,4.7
6.7,129,2.8,11.94,4.7,10.0
7.1,119,2.8,36.62,7.1,10.0
4.7,119,3.4,27.66,6.5,9.2
8.1,120,1.4,3.7,7.2,10.0
4.3,105,1.9,51.16,5.9,10.0
3.9,66,4.3,30.77,8.4,9.5
9.0,127,3.1,8.89,7.3,10.0
4.5,83,2.6,28.89,7.8,9.5
4.4,129,4.9,18.18,4.1,10.0
5.9,48,3.0,25.42,8.5,8.3
3.3,141,1.9,36.36,6.1,9.4
2.9,117,2.0,31.03,5.5,8.1
3.4,123,3.0,17.65,4.7,9.4
6.3,110,3.7,22.22,7.4,10.0
3.7,92,0.9,8.11,7.9,6.0
4.7,105,0.7,21.28,6.9,7.8
6.7,84,2.2,2.99,7.9,9.7
5.3,135,1.7,13.21,7.7,9.4
8.7,146,4.0,13.79,5.2,10.0
3.9,41,2.6,7.69,8.0,5.5
7.4,90,2.1,17.57,6.6,10.0
6.8,72,2.4,25.0,10.0,9.8
7.0,133,1.6,10.0,8.0,9.7
5.8,30,2.6,12.07,7.2,9.1
4.1,120,4.3,12.2,5.5,10.0
4.9,90,2.5,18.37,4.4,10.0
4.4,91,2.2,13.64,6.6,9.7
6.3,48,3.9,9.52,3.0,10.0
5.8,106,3.1,8.62,6.9,10.0
6.5,74,2.6,16.92,7.2,10.0
5.8,116,3.0,29.31,7.0,10.0
5.1,140,0.5,33.33,7.0,7.6
5.2,79,4.2,30.77,6.0,10.0
4.8,51,3.0,20.83,8.6,8.7
4.3,98,2.2,20.93,4.3,8.3
7.6,77,4.6,23.68,6.4,10.0
5.5,82,1.6,7.27,6.9,7.6
4.8,136,4.8,22.92,6.3,10.0
7.4,85,2.9,4.05,6.3,10.0
3.8,104,1.8,15.79,5.1,7.6
7.3,22,2.2,16.44,5.6,10.0
0.7,146,2.2,57.14,4.6,5.7
3.0,84,3.7,20.0,6.6,8.6
4.0,55,4.1,15.0,7.4,9.9
8.1,129,0.7,7.41,6.8,10.0
5.2,98,2.4,9.62,6.6,10.0
1.7,76,1.1,76.47,6.2,6.5
6.8,123,4.2,27.94,7.4,10.0
6.4,128,4.1,7.81,10.0,10.0
7.2,112,3.8,9.72,7.4,10.0
3.3,72,3.6,3.03,5.7,10.0
4.7,20,2.8,2.13,8.5,8.2
2.8,42,2.8,53.57,7.0,5.1
6.2,24,1.6,8.06,8.7,8.8
6.7,49,2.1,2.99,8.5,10.0
2.2,24,2.6,59.09,5.1,8.1
4.1,78,1.7,9.76,6.3,9.0
5.3,98,2.3,16.98,5.9,10.0
4.7,87,0.1,31.91,3.4,6.6
4.5,68,2.6,17.78,7.4,8.0
5.6,44,2.1,25.0,5.8,7.1
7.3,77,1.2,19.18,5.0,10.0
4.6,113,1.6,23.91,9.4,6.9
2.0,47,2.0,55.0,5.9,5.7
1.6,42,4.8,100.0,6.1,6.0
2.0,115,1.4,45.0,7.5,5.2
3.0,42,1.7,10.0,4.7,10.0
6.9,58,3.3,11.59,3.9,10.0
5.5,72,1.4,36.36,5.4,8.4
6.6,121,4.5,12.12,9.5,10.0
8.3,21,1.7,1.2,5.7,10.0
3.6,80,3.2,25.0,3.1,10.0
5.4,29,2.9,12.96,3.1,9.8
2.1,54,2.5,80.95,7.3,5.3
7.8,135,3.6,14.1,7.4,10.0
4.3,119,1.1,13.95,3.9,9.0
7.4,57,1.9,25.68,7.4,10.0
6.4,23,0.7,10.94,7.9,8.6
2.0,140,2.0,20.0,8.4,6.8
2.6,26,1.8,38.46,6.8,5.5
4.4,70,2.4,40.91,5.0,10.0
4.8,68,0.5,16.67,6.5,10.0
7.7,74,2.4,12.99,5.9,10.0
4.2,58,3.3,26.19,5.6,10.0
4.6,46,2.2,23.91,5.7,10.0
2.9,126,3.3,44.83,6.5,9.6
6.8,129,3.2,16.18,5.5,10.0
4.7,95,3.3,42.55,5.9,10.0
4.1,25,3.0,19.51,7.6,8.0
0.0,111,3.0,100.0,6.0,5.2
4.3,31,2.6,6.98,9.3,6.5
3.3,70,3.0,48.48,8.0,9.2
8.0,130,1.8,8.75,5.8,10.0
5.0,68,2.6,14.0,5.1,10.0
2.5,83,2.0,20.0,4.8,5.0
4.8,124,2.8,29.17,4.0,10.0
5.0,92,1.5,20.0,5.5,9.0
7.1,116,2.2,19.72,3.0,10.0
7.9,97,1.8,25.32,6.5,10.0
7.4,116,1.2,18.92,6.4,8.9
2.5,85,1.9,24.0,5.4,7.4
6.4,41,2.6,9.37,7.8,10.0
7.0,56,2.4,14.29,7.9,9.6
5.1,49,3.0,0.0,4.3,8.9
6.9,54,1.3,17.39,7.1,7.9
4.0,114,2.7,17.5,6.2,10.0
6.6,83,0.7,4.55,9.4,10.0
5.7,115,2.3,35.09,6.2,10.0
2.9,86,2.6,37.93,5.8,8.6
4.8,91,1.9,6.25,4.1,10.0
7.3,138,2.8,9.59,6.3,10.0
4.9,121,4.1,10.2,5.6,10.0
6.7,130,2.2,2.99,5.9,10.0
2.2,70,3.4,22.73,8.2,6.0
3.3,47,2.8,36.36,7.6,6.2
6.8,142,4.0,13.24,4.8,10.0
5.2,36,2.5,21.15,6.6,10.0
6.0,130,2.7,10.0,3.1,10.0
5.9,94,4.6,13.56,5.0,10.0
3.7,146,2.0,32.43,4.6,10.0
8.4,49,1.3,5.95,7.7,10.0
0.8,67,2.9,100.0,7.4,4.2
7.2,83,2.9,12.5,3.0,10.0
4.6,129,1.6,17.39,5.3,9.5
2.4,50,2.0,33.33,6.8,6.5
4.3,47,1.6,18.6,6.6,8.3
6.8,46,2.1,14.71,6.1,9.7
6.3,30,1.6,28.57,5.4,9.6
5.3,145,2.3,32.08,9.7,8.8
4.4,58,2.5,20.45,5.7,8.0
8.1,63,2.1,6.17,6.7,9.5
3.6,83,1.1,44.44,6.0,7.8
5.0,129,2.7,28.0,5.5,10.0
4.1,145,1.5,34.15,7.2,8.6
4.3,47,2.7,37.21,9.2,7.3
4.2,59,2.7,26.19,7.6,8.4
6.4,42,2.4,9.37,4.4,10.0
3.3,111,2.7,30.3,7.2,7.6
5.7,65,3.3,26.32,8.0,10.0
5.7,134,2.3,14.04,6.2,10.0
1.8,49,2.6,27.78,4.1,6.4
0.2,102,1.7,100.0,5.4,5.8
2.7,139,1.6,77.78,6.9,9.1
4.3,33,2.5,18.6,6.7,6.7
4.5,22,4.3,11.11,6.5,10.0
4.6,128,2.9,15.22,5.6,10.0
7.5,76,2.1,21.33,5.9,10.0
5.3,51,3.2,20.75,6.1,7.9
4.9,105,1.0,22.45,4.8,8.4
5.4,45,0.2,22.22,6.9,5.3
0.5,73,4.0,100.0,6.2,6.6
7.6,105,3.9,13.16,6.0,10.0
7.6,66,2.1,6.58,3.0,10.0
2.5,90,3.4,64.0,5.6,8.7
5.5,57,3.0,27.27,6.4,9.0
2.7,100,3.8,48.15,4.6,9.6
7.0,100,2.8,17.14,5.4,10.0
5.3,22,2.6,18.87,5.0,10.0
4.7,104,2.5,10.64,5.3,10.0
5.4,127,3.4,11.11,4.9,10.0
8.5,59,2.3,12.94,5.2,10.0
6.2,46,2.2,24.19,4.4,10.0
2.7,67,3.5,18.52,5.1,9.3
3.5,91,2.0,34.29,5.1,7.5
3.5,84,2.7,57.14,7.2,9.4
6.6,63,1.7,6.06,5.0,10.0
6.1,39,1.8,24.59,7.5,10.0
3.3,140,2.6,36.36,5.6,8.6
6.3,77,2.5,30.16,7.2,10.0
6.5,113,4.3,9.23,7.9,10.0
4.6,51,4.4,10.87,8.4,10.0
1.6,62,1.7,18.75,6.0,6.1
8.1,143,2.8,17.28,7.7,10.0
4.7,60,4.1,6.38,5.8,10.0
8.8,141,0.9,12.5,7.1,10.0
8.9,70,1.8,0.0,7.0,10.0
3.0,35,2.3,20.0,3.5,10.0
4.5,104,0.8,28.89,7.8,6.5
5.4,80,2.5,7.41,7.5,10.0
6.3,95,2.5,11.11,3.0,10.0
5.9,76,1.4,25.42,5.8,10.0
10.6,36,3.7,13.21,9.1,10.0
4.3,129,1.2,25.58,6.3,10.0
7.9,49,2.6,13.92,6.5,10.0
2.8,81,1.7,35.71,5.9,8.1
3.8,24,1.3,28.95,6.7,7.8
5.6,77,1.4,21.43,9.4,10.0
9.7,100,1.7,15.46,5.8,10.0
4.3,22,2.6,30.23,8.0,8.9
5.0,48,3.0,0.0,3.3,10.0
4.8,92,2.1,4.17,10.0,6.4
4.2,68,1.8,21.43,7.0,8.6
8.4,143,2.7,3.57,7.7,10.0
6.2,71,0.9,11.29,7.9,8.6
4.8,39,1.4,18.75,5.4,8.7
8.0,107,2.7,2.5,7.7,10.0
6.7,70,0.4,8.96,3.5,10.0
7.2,50,1.5,6.94,4.4,10.0
6.0,112,2.7,26.67,5.6,10.0
7.4,90,2.3,21.62,4.6,10.0
7.5,45,2.2,29.33,8.5,10.0
7.0,140,3.4,8.57,6.8,10.0
5.8,74,2.0,20.69,7.3,8.7
3.9,92,2.4,53.85,8.0,6.1
5.3,143,1.7,15.09,6.2,10.0
3.0,27,4.0,46.67,5.6,9.0
4.2,90,0.6,7.14,6.2,7.2
7.8,148,3.1,21.79,6.6,10.0
5.0,25,0.5,8.0,6.6,6.5
6.4,139,2.9,23.44,5.1,10.0
4.7,102,2.1,21.28,3.0,9.5
6.1,100,3.6,19.67,5.3,10.0
5.0,83,4.1,22.0,5.4,10.0
3.4,32,2.6,29.41,8.4,6.8
2.0,128,2.7,45.0,7.1,5.7
6.6,40,3.4,18.18,6.9,10.0
2.0,103,3.2,70.0,7.9,4.9
3.5,150,0.2,25.71,6.5,8.1
8.0,80,3.7,10.0,4.8,10.0
7.5,77,1.8,6.67,6.2,10.0
5.0,106,3.8,28.0,7.6,10.0
1.6,20,3.3,43.75,4.8,5.4
8.2,90,3.1,9.76,5.1,10.0
4.0,142,3.0,25.0,3.3,10.0
3.5,50,1.9,28.57,10.0,4.4
2.6,150,1.9,34.62,7.0,7.5
7.6,67,3.2,15.79,7.8,10.0
7.1,33,1.0,9.86,9.6,6.2
6.8,21,1.4,26.47,5.8,7.8
3.7,33,3.0,27.03,5.5,8.2
5.2,20,2.4,13.46,5.2,9.4
6.2,35,2.4,3.23,6.2,9.6
3.4,102,2.5,44.12,7.1,8.3
3.2,145,2.4,12.5,5.4,10.0
3.3,34,2.0,45.45,4.9,6.7
4.0,92,2.0,20.0,4.4,10.0
4.0,120,1.7,25.0,8.8,10.0
4.3,142,2.3,18.6,7.0,10.0
3.8,123,3.3,21.05,6.0,10.0
2.6,50,1.2,57.69,6.7,8.0
6.3,141,3.5,7.94,5.9,10.0
3.3,35,5.0,51.52,5.0,10.0
5.9,112,1.8,13.56,5.0,10.0
2.9,89,2.5,51.72,3.3,7.7
5.5,118,3.4,21.82,7.5,10.0
4.7,53,3.0,17.02,7.2,9.6
8.6,101,2.0,17.44,8.1,10.0
5.0,28,5.0,10.0,4.3,10.0
7.0,57,4.8,15.71,5.7,10.0
3.4,27,1.8,38.24,5.5,6.0
2.7,131,2.2,48.15,7.3,6.8
4.6,44,1.0,21.74,8.9,4.4
4.2,75,1.5,21.43,7.5,8.9
4.0,79,1.8,7.5,7.1,10.0
5.3,136,2.7,7.55,4.4,10.0
3.3,20,1.0,48.48,6.7,3.3
3.4,109,4.3,26.47,6.2,10.0
3.7,93,1.0,13.51,6.5,7.8
5.2,125,3.0,19.23,6.3,10.0
8.2,61,2.2,9.76,7.6,9.8
6.2,95,2.6,12.9,6.1,10.0
7.0,94,3.1,18.57,7.4,10.0
3.7,96,2.5,37.84,5.3,8.5
8.2,29,2.3,10.98,5.1,10.0
7.5,56,1.8,25.33,8.4,9.9
2.5,85,1.2,24.0,6.7,5.4
6.0,133,2.9,28.33,6.7,10.0
4.8,55,2.0,10.42,4.8,9.3
4.5,147,1.0,8.89,8.7,7.0
6.2,122,2.3,17.74,6.9,10.0
7.8,147,2.8,12.82,5.4,10.0
6.5,108,1.4,4.62,6.0,10.0
4.1,128,1.0,19.51,10.0,5.5
4.0,59,4.1,42.5,6.5,7.6
3.8,128,2.4,10.53,7.0,8.7
5.3,71,1.5,3.77,5.7,10.0
2.4,40,3.3,16.67,7.2,8.4
3.3,120,2.8,48.48,5.7,10.0
6.8,50,3.7,25.0,8.5,10.0
6.2,109,2.1,27.42,5.8,10.0
3.9,141,1.3,41.03,5.3,10.0
3.7,26,2.3,45.95,6.7,5.0
4.5,44,1.6,13.33,5.3,9.4
7.3,62,4.4,21.92,4.4,10.0
6.9,107,1.4,10.14,8.3,10.0
6.9,67,0.9,5.8,8.1,10.0
6.8,25,1.7,11.76,5.4,10.0
4.7,91,2.6,25.53,6.9,7.8
4.3,89,2.0,13.95,3.8,9.0
2.2,100,3.5,63.64,3.8,10.0
4.3,144,3.3,20.93,5.4,10.0
4.0,26,2.9,40.0,6.7,9.2
9.2,95,1.6,21.74,8.3,10.0
6.7,53,2.4,13.43,5.8,10.0
5.3,85,2.6,13.21,8.5,9.0
2.9,129,2.1,48.28,8.1,6.8
5.1,66,3.0,9.8,9.9,7.1
3.2,75,2.1,40.62,8.8,6.5
6.1,59,2.6,24.59,7.4,9.2
3.4,25,2.3,20.59,5.4,7.5
5.7,64,2.5,24.56,5.8,10.0
3.1,41,3.5,41.94,9.2,7.7
2.6,44,2.2,30.77,6.9,6.2
4.3,73,1.0,16.28,6.4,6.4
6.7,93,3.8,10.45,6.6,10.0
8.6,114,2.1,15.12,6.0,10.0
3.2,106,1.8,43.75,7.3,6.0
7.1,82,2.9,14.08,8.7,10.0
6.8,116,1.3,25.0,7.5,9.7
8.8,149,3.0,15.91,6.8,10.0
5.0,69,3.6,22.0,6.6,10.0
5.5,96,3.3,20.0,6.8,10.0
4.6,43,3.2,19.57,6.6,6.9
4.8,102,2.7,14.58,7.5,9.1
4.3,65,0.6,20.93,7.1,6.7
6.4,31,3.7,3.12,6.3,10.0
2.2,127,3.1,63.64,4.9,8.5
6.9,58,0.9,10.14,7.4,10.0
3.8,134,4.3,50.0,6.5,10.0
4.1,25,2.7,9.76,7.5,7.0
5.1,115,2.9,33.33,7.9,8.5
1.8,143,4.6,38.89,6.7,9.3
6.1,99,4.2,21.31,7.2,10.0
4.8,23,2.4,35.42,7.7,6.6
8.4,87,0.5,20.24,6.6,10.0
6.5,79,2.9,7.69,5.6,10.0
3.7,123,2.8,51.35,6.8,10.0
8.9,33,2.7,10.11,3.9,10.0
4.1,30,2.3,34.15,6.8,7.9
4.1,110,2.2,9.76,4.4,10.0
4.0,102,3.0,22.5,7.2,8.4
6.8,132,2.5,17.65,8.8,10.0
3.1,128,2.7,25.81,7.3,7.9
7.6,134,2.1,17.11,6.5,10.0
5.5,136,2.3,20.0,5.2,10.0
4.9,60,0.0,20.41,3.3,7.4
6.1,93,3.1,1.64,6.1,10.0
2.2,44,2.2,90.91,3.0,7.2
7.7,79,1.9,19.48,7.3,10.0
1.9,41,2.8,100.0,3.9,7.2
5.6,42,2.6,30.36,4.1,10.0
3.0,141,3.3,50.0,8.9,6.3
1.8,120,2.9,83.33,5.7,10.0
4.5,146,3.3,31.11,5.2,10.0
3.1,55,2.3,12.9,8.1,8.1
5.8,143,1.4,22.41,5.7,10.0
7.6,27,3.3,11.84,6.0,10.0
6.2,76,2.1,19.35,6.1,9.4
1.4,86,2.6,28.57,5.2,7.5
4.4,57,1.3,15.91,6.2,9.9
7.4,103,1.3,8.11,6.5,9.5
6.5,26,1.8,7.69,3.4,10.0
3.9,51,3.7,12.82,4.4,10.0
4.0,119,3.5,17.5,5.3,10.0
3.3,114,3.5,51.52,8.8,6.1
6.5,64,1.8,13.85,6.9,10.0
5.4,24,4.0,7.41,3.0,10.0
3.1,45,2.2,35.48,8.0,6.5
4.4,72,2.2,18.18,7.3,7.4
4.9,125,2.0,2.04,5.2,10.0
5.6,75,2.1,10.71,8.0,8.1
6.4,113,2.0,14.06,7.1,10.0
8.7,59,3.4,5.75,8.6,10.0
6.7,31,2.1,20.9,3.9,10.0
8.7,137,1.6,0.0,6.0,10.0
1.9,53,3.3,42.11,3.6,8.0
7.8,122,2.9,11.54,5.3,10.0
3.7,83,1.5,32.43,5.9,7.0
8.4,108,2.6,7.14,5.2,10.0
8.8,58,3.5,12.5,7.3,10.0
6.2,41,3.4,30.65,6.2,10.0
3.8,85,1.5,0.0,3.9,8.2
6.0,113,2.5,15.0,7.4,10.0
2.4,93,3.3,25.0,8.3,7.2
5.7,114,3.0,17.54,5.5,10.0
6.3,85,1.9,7.94,6.5,7.8
6.3,24,1.8,6.35,5.0,8.6
0.0,136,2.1,100.0,6.6,5.3
6.3,32,1.8,33.33,8.8,10.0
5.2,57,2.2,28.85,7.4,8.1
3.5,34,1.1,45.71,5.0,5.4
4.5,32,4.2,44.44,8.2,10.0
4.9,110,3.9,18.37,6.5,10.0
4.0,23,2.4,17.5,4.8,9.1
4.2,128,3.0,16.67,5.1,10.0
6.2,71,2.2,25.81,6.7,10.0
3.8,83,3.4,13.16,8.8,9.3
4.1,140,2.0,19.51,3.6,10.0
4.3,73,0.4,37.21,6.4,5.9
4.7,119,3.0,27.66,8.3,8.3
4.5,37,0.8,15.56,5.3,8.7
3.5,70,1.7,42.86,5.5,6.6
4.1,108,1.2,24.39,5.7,8.8
4.9,42,2.8,22.45,7.2,9.4
7.3,134,1.9,20.55,5.4,10.0
6.7,137,2.9,8.96,6.1,10.0
6.5,108,2.0,20.0,7.4,9.8
7.3,122,2.1,23.29,10.0,10.0
6.8,55,3.2,25.0,7.7,10.0
3.7,115,3.1,5.41,7.5,10.0
5.0,108,1.8,14.0,6.9,10.0
6.8,57,1.1,19.12,9.4,9.4
6.6,133,1.6,19.7,8.6,9.7
3.8,123,4.5,0.0,5.2,10.0
3.9,76,1.1,10.26,8.4,3.9
2.5,43,2.7,24.0,6.1,8.1
5.5,55,2.5,12.73,7.5,7.8
3.4,74,1.6,29.41,9.0,5.7
5.9,136,1.3,8.47,7.7,8.9
6.7,59,3.1,7.46,5.1,10.0
5.4,79,2.2,14.81,6.2,9.3
5.1,39,2.4,0.0,7.1,7.4
4.0,32,3.4,7.5,7.1,7.9
2.1,97,3.7,33.33,5.2,10.0
8.6,128,1.2,8.14,6.0,10.0
6.2,109,3.2,11.29,6.5,10.0
3.8,64,1.7,7.89,3.7,7.4
7.4,146,3.2,16.22,4.0,10.0
5.4,38,3.5,18.52,4.3,10.0
5.2,33,2.0,21.15,8.6,6.2
7.2,26,4.4,23.61,3.9,10.0
2.8,33,1.8,60.71,6.1,6.7
7.8,30,1.7,16.67,7.9,9.3
4.7,98,3.5,4.26,7.6,10.0
5.6,111,2.7,3.57,6.1,10.0
3.8,26,4.1,21.05,7.1,10.0
5.0,134,4.1,0.0,8.5,10.0
5.2,81,2.6,17.31,8.7,8.8
10.2,73,1.6,1.96,10.0,10.0
1.1,132,1.7,100.0,9.0,7.3
2.4,65,2.1,12.5,6.0,8.3
5.5,81,3.0,27.27,7.4,9.1
5.0,26,1.6,18.0,7.9,6.2
2.2,56,2.5,4.55,7.2,4.7
5.2,147,3.2,25.0,7.6,10.0
4.6,131,2.9,10.87,6.8,9.5
7.6,79,1.5,17.11,6.6,10.0
5.0,76,0.3,14.0,6.8,6.0
4.9,92,1.3,18.37,4.7,10.0
7.1,110,0.0,15.49,7.9,9.8
3.6,145,1.3,30.56,4.8,8.3
6.4,148,2.3,12.5,6.4,10.0
4.4,150,3.2,25.0,8.7,10.0
4.8,108,2.0,29.17,7.1,9.5
10.2,53,2.7,10.78,4.7,10.0
5.0,110,2.7,20.0,7.7,10.0
6.8,72,1.0,8.82,6.2,8.2
4.1,80,2.6,21.95,5.0,10.0
7.0,133,1.7,20.0,4.3,10.0
5.8,122,3.0,10.34,6.9,10.0
4.2,137,1.7,21.43,3.6,10.0
4.0,83,2.3,5.0,10.0,4.9
4.6,71,1.4,23.91,3.3,10.0
5.4,58,1.8,22.22,8.7,6.0
3.9,20,4.0,23.08,6.5,7.8
4.3,73,3.4,9.3,3.8,9.8
3.6,36,3.3,41.67,7.2,5.9
2.8,51,4.1,25.0,8.9,6.8
4.3,24,2.9,18.6,7.4,9.6
8.6,108,2.1,12.79,6.6,10.0
6.0,110,1.3,15.0,4.4,9.8
3.0,129,3.6,10.0,6.1,9.5
2.7,94,2.4,7.41,6.6,8.3
7.2,55,1.9,5.56,7.5,10.0
3.3,21,1.3,39.39,5.2,6.1
5.7,81,3.2,17.54,5.8,10.0
2.8,39,1.4,46.43,5.1,4.6
7.1,119,2.1,8.45,6.2,10.0
3.4,83,1.9,41.18,7.9,9.0
5.8,76,2.6,13.79,7.1,10.0
3.9,50,1.3,25.64,8.9,6.2
6.2,109,1.3,16.13,6.2,10.0
0.0,122,3.6,100.0,6.7,5.8
5.6,44,3.3,19.64,8.8,10.0
2.5,71,2.6,24.0,6.6,5.6
8.1,128,1.5,14.81,6.4,10.0
3.8,65,0.7,36.84,7.2,6.4
9.3,27,2.8,13.98,6.3,10.0
0.4,59,2.3,100.0,7.5,4.8
3.6,40,3.3,36.11,8.3,7.5
4.1,123,2.7,26.83,6.4,10.0
2.3,131,3.7,26.09,7.2,9.2
4.3,67,1.9,32.56,4.9,8.1
4.6,143,3.9,15.22,7.3,10.0
6.1,24,1.7,21.31,4.8,10.0
3.9,133,1.8,10.26,8.0,9.9
3.9,78,2.1,25.64,6.6,6.4
3.8,29,1.9,21.05,4.8,6.7
2.2,148,2.5,36.36,5.1,8.7
3.2,39,2.8,53.12,3.0,10.0
6.1,22,1.0,18.03,8.0,7.9
7.6,117,1.9,18.42,7.2,10.0
4.5,135,2.7,28.89,7.3,10.0
5.9,21,2.0,22.03,4.9,10.0
2.2,46,4.1,72.73,10.0,8.6
5.3,104,2.0,11.32,5.7,9.6
3.4,56,3.0,29.41,5.6,9.8
6.6,117,2.9,6.06,5.1,10.0
6.0,27,3.0,11.67,3.0,10.0
4.7,65,3.7,17.02,4.6,10.0
5.7,71,2.9,15.79,5.4,9.7
3.2,57,3.9,46.88,3.6,10.0
2.4,102,3.1,79.17,5.6,8.6
4.2,22,2.8,0.0,6.0,6.9
7.2,72,2.2,20.83,8.4,10.0
4.6,51,2.6,36.96,6.7,6.3
1.1,135,2.4,72.73,7.0,8.0
4.5,46,3.6,40.0,4.4,10.0
1.9,32,2.9,84.21,6.2,8.5
4.1,49,2.2,0.0,8.5,7.3
7.3,39,3.0,12.33,8.1,10.0
9.1,135,2.2,9.89,4.7,10.0
4.8,52,2.3,12.5,7.8,8.6
5.9,108,1.1,30.51,7.5,9.3
4.1,101,2.3,17.07,4.2,8.1
1.5,119,4.3,100.0,8.6,10.0
5.4,126,5.0,20.37,4.7,10.0
2.3,140,2.7,65.22,7.1,8.2
5.0,32,1.8,22.0,6.5,9.3
4.2,56,2.4,19.05,7.9,8.6
0.2,102,1.6,100.0,5.4,4.2
8.6,31,3.9,5.81,7.4,10.0
4.2,128,1.4,9.52,7.0,7.3
4.3,20,3.4,13.95,6.0,10.0
5.4,66,2.6,18.52,5.1,10.0
6.3,45,2.5,6.35,5.3,10.0
7.2,33,2.4,16.67,8.4,10.0
6.7,134,2.6,20.9,6.6,10.0
7.3,92,2.9,20.55,7.1,10.0
5.2,80,4.4,21.15,5.3,10.0
5.7,29,1.4,15.79,9.9,8.3
4.6,25,1.3,21.74,8.8,7.1
3.0,36,1.7,20.0,7.8,6.3
3.1,33,2.6,12.9,6.8,7.4
4.3,82,4.1,39.53,6.5,10.0
4.4,111,4.8,31.82,7.0,10.0
10.5,128,1.9,9.52,8.0,10.0
2.1,145,1.0,52.38,7.6,5.9
5.4,129,3.9,18.52,4.2,10.0
4.4,145,2.6,0.0,5.2,10.0
1.9,101,2.1,52.63,4.6,9.1
6.4,101,2.7,10.94,5.8,10.0
4.9,40,4.3,12.24,7.1,10.0
4.3,130,3.8,16.28,7.3,10.0
6.1,39,3.6,14.75,6.6,10.0
3.9,51,2.7,23.08,7.7,8.4
6.2,123,2.7,12.9,8.3,10.0
3.2,89,3.1,46.88,4.2,8.9
3.9,120,5.0,30.77,6.3,10.0
9.1,36,2.2,18.68,5.8,10.0
2.8,108,1.9,46.43,6.4,8.0
8.0,83,3.4,7.5,7.5,10.0
6.7,75,2.3,23.88,5.9,10.0
5.7,54,2.1,29.82,6.7,10.0
7.0,119,2.3,5.71,7.0,10.0
7.4,148,4.0,10.81,5.4,10.0
6.8,55,4.9,16.18,4.6,10.0
8.1,103,1.7,2.47,6.9,10.0
4.7,105,1.8,8.51,6.8,7.1
7.5,22,1.0,17.33,7.8,6.7
3.7,60,2.7,27.03,5.8,9.7
5.3,144,2.2,35.85,3.4,10.0
5.2,134,1.5,26.92,7.8,10.0
2.4,108,1.9,33.33,4.2,8.0
0.5,43,1.7,80.0,5.3,2.4
7.6,146,2.8,7.89,7.9,10.0
7.0,148,3.4,18.57,7.1,10.0
3.6,85,4.0,47.22,7.8,9.8
6.2,47,0.0,25.81,6.3,9.1
8.3,70,2.7,15.66,6.9,10.0
6.6,113,2.4,13.64,5.9,10.0
6.7,122,2.6,1.49,5.2,10.0
4.7,39,3.2,21.28,7.9,9.7
5.5,44,2.0,10.91,5.3,9.9
4.9,21,3.6,26.53,5.9,10.0
6.7,72,2.8,16.42,6.5,9.9
7.3,35,2.7,13.7,6.6,10.0
4.7,39,2.5,19.15,5.0,8.7
5.3,106,1.9,28.3,6.8,9.8
7.3,51,1.9,20.55,8.1,9.3
5.5,45,1.9,0.0,5.3,9.4
2.6,107,4.6,0.0,7.2,9.0
2.4,81,2.4,20.83,7.1,7.2
4.3,126,3.4,20.93,5.8,10.0
1.1,38,4.2,100.0,6.8,10.0
5.7,121,2.0,22.81,8.6,9.1
6.9,92,3.3,13.04,7.9,10.0
2.9,45,2.1,27.59,5.9,4.2
4.6,150,3.6,6.52,7.4,10.0
5.3,51,4.4,16.98,5.9,10.0
3.9,39,2.1,28.21,3.7,10.0
5.1,77,3.7,17.65,5.5,10.0
4.0,81,2.5,50.0,5.1,10.0
8.8,34,3.2,6.82,7.7,10.0
1.0,92,1.9,100.0,5.9,8.6
5.7,82,2.3,33.33,6.2,9.3
5.4,47,4.7,24.07,7.0,10.0
4.4,73,2.7,54.55,7.6,9.9
6.3,74,2.8,11.11,4.4,10.0
7.8,126,0.9,7.69,4.6,10.0
2.9,74,1.9,55.17,4.9,7.0
4.1,150,1.6,31.71,6.7,7.0
5.5,67,3.8,12.73,5.5,10.0
8.5,47,1.7,11.76,6.7,10.0
3.3,112,0.8,18.18,8.0,5.6
3.9,83,2.0,10.26,5.8,9.7
5.6,98,2.2,8.93,5.2,10.0
0.0,60,2.7,100.0,7.0,2.1
4.4,142,3.4,27.27,5.4,10.0
5.9,53,2.8,16.95,5.0,10.0
3.5,35,2.4,20.0,8.0,5.2
4.8,40,3.1,14.58,9.5,10.0
3.1,31,3.7,38.71,5.6,9.3
3.0,141,1.9,20.0,6.1,9.9
3.8,60,1.0,18.42,5.2,7.1
4.9,86,1.3,28.57,7.7,9.1
8.4,28,2.0,19.05,9.3,8.9
2.4,126,2.5,58.33,3.4,8.7
4.6,122,3.8,30.43,8.7,10.0
5.3,70,3.4,9.43,8.4,10.0
5.6,100,2.7,35.71,5.3,9.5
5.7,126,2.7,14.04,5.6,10.0
2.5,133,2.9,24.0,10.0,8.0
3.2,71,2.5,21.87,8.5,5.1
6.6,138,3.6,21.21,5.5,10.0
2.8,78,2.2,21.43,6.0,5.9
4.6,89,2.8,28.26,5.1,10.0
6.4,52,1.0,0.0,7.3,9.6
3.7,117,3.2,16.22,5.7,10.0
6.0,66,2.4,11.67,7.5,10.0
6.5,93,2.3,18.46,6.9,10.0
4.7,77,1.9,31.91,5.5,8.3
4.4,131,0.3,25.0,7.8,7.9
3.8,56,2.7,23.68,4.3,10.0
9.3,106,2.0,12.9,6.9,10.0
3.8,32,3.1,39.47,6.2,7.8
4.8,62,2.9,20.83,6.4,10.0
4.9,109,2.3,12.24,7.0,8.5
5.7,63,2.6,17.54,6.0,10.0
5.4,131,2.9,31.48,4.9,10.0
6.6,87,3.8,10.61,8.0,10.0
6.5,50,3.0,16.92,6.0,10.0
7.0,134,2.4,11.43,5.3,10.0
4.1,127,4.2,24.39,6.8,10.0
3.2,23,2.6,31.25,4.3,8.8
5.0,122,2.0,34.0,7.2,10.0
4.3,24,3.5,11.63,4.0,10.0
5.4,120,4.3,25.93,7.8,10.0
3.7,132,1.4,54.05,4.2,7.9
5.2,93,4.2,17.31,6.1,10.0
2.5,61,2.6,40.0,7.6,5.8
4.0,48,2.7,32.5,5.7,10.0
7.6,121,3.1,21.05,7.0,10.0
4.9,122,2.3,26.53,4.7,10.0
2.8,95,2.8,42.86,4.4,7.5
0.0,141,3.3,100.0,4.5,7.5
2.9,115,3.4,51.72,6.7,9.2
4.1,121,1.0,17.07,7.1,7.8
8.3,83,4.5,16.87,5.7,10.0
0.6,26,4.4,100.0,5.7,6.1
5.6,108,4.2,14.29,4.7,10.0
6.5,64,2.2,23.08,5.6,10.0
5.3,146,2.3,13.21,6.1,10.0
4.0,67,2.4,17.5,7.5,8.6
11.0,81,1.6,19.09,7.7,10.0
6.3,40,4.4,25.4,7.5,10.0
0.3,43,2.0,0.0,5.8,5.0
4.8,26,1.4,35.42,4.7,9.3
4.4,109,4.1,31.82,9.1,9.0
6.3,53,2.0,7.94,4.3,10.0
6.4,144,1.9,7.81,7.3,10.0
4.7,99,2.8,27.66,6.4,10.0
4.2,131,2.4,14.29,4.1,10.0
5.9,54,3.0,22.03,6.3,10.0
8.1,73,1.8,13.58,8.2,10.0
6.4,55,1.6,18.75,5.2,9.9
5.1,127,2.2,25.49,4.2,10.0
5.3,93,2.3,26.42,10.0,8.3
5.6,72,2.0,3.57,7.7,9.9
6.7,60,1.4,28.36,5.2,10.0
3.8,122,2.0,42.11,7.0,6.4
3.5,130,3.9,14.29,6.6,10.0
4.5,70,1.7,28.89,7.6,7.6
7.8,68,0.4,19.23,7.8,10.0
4.1,73,3.7,4.88,6.6,10.0
6.3,129,1.5,11.11,4.4,10.0
5.4,132,3.8,16.67,6.1,10.0
2.4,34,1.4,16.67,5.6,7.9
0.0,98,2.2,100.0,7.6,1.4
0.3,135,1.1,100.0,6.5,4.1
5.2,91,1.8,19.23,8.2,6.3
4.4,71,3.2,20.45,9.5,8.8
4.5,133,3.8,37.78,9.1,10.0
4.6,79,3.4,19.57,7.1,10.0
6.0,99,4.7,10.0,6.1,10.0
5.8,137,3.1,20.69,9.9,10.0
5.3,58,0.7,22.64,8.7,5.3
5.5,89,3.3,9.09,7.3,10.0
4.9,88,3.5,16.33,5.7,10.0
5.6,144,1.8,17.86,8.3,8.0
4.7,65,2.2,12.77,5.2,9.7
3.4,80,2.2,14.71,6.8,7.2
3.9,103,1.6,38.46,5.8,7.6
3.4,97,3.2,29.41,6.0,8.1
4.5,144,3.7,24.44,5.7,10.0
7.3,35,1.9,6.85,7.0,10.0
7.5,84,2.1,0.0,5.2,10.0
8.5,73,1.0,17.65,7.5,10.0
1.4,130,3.2,64.29,8.4,8.1
3.0,39,2.8,46.67,5.7,8.3
3.9,115,2.3,20.51,6.8,10.0
5.7,121,1.7,21.05,7.7,8.5
0.8,128,3.2,100.0,5.7,8.2
8.1,38,0.0,7.41,9.5,9.4
6.8,103,1.2,14.71,8.4,8.6
4.6,150,3.7,21.74,6.8,10.0
4.1,119,1.5,26.83,6.1,10.0
7.7,41,3.6,15.58,7.5,10.0
3.9,84,1.5,25.64,6.3,6.5
3.0,42,1.1,6.67,4.2,9.2
7.8,41,2.9,8.97,8.5,10.0
6.5,135,5.0,15.38,8.0,10.0
1.9,80,2.2,89.47,6.8,6.8
4.6,129,1.1,15.22,5.2,10.0
7.5,52,1.4,18.67,5.7,10.0
2.4,88,1.1,37.5,6.2,5.0
7.2,140,2.5,18.06,9.7,10.0
0.0,122,3.2,100.0,5.7,7.3
1.8,67,1.6,50.0,6.6,5.8
6.2,24,1.8,17.74,6.2,10.0
2.0,92,1.4,100.0,7.3,3.8
3.1,85,2.2,45.16,6.8,7.3
8.1,22,3.4,11.11,7.1,10.0
3.0,72,3.5,13.33,7.3,7.4
3.8,25,2.8,26.32,6.4,7.8
3.9,82,4.1,30.77,8.4,9.0
5.1,138,1.9,11.76,4.0,10.0
3.8,83,3.1,39.47,6.3,10.0
5.8,100,2.5,10.34,6.4,8.3
3.9,84,3.9,25.64,7.2,10.0
8.4,77,1.0,9.52,6.0,10.0
4.8,102,2.2,18.75,7.7,7.4
3.4,51,2.1,17.65,7.3,5.3
4.7,36,2.6,4.26,5.2,10.0
6.8,126,2.2,5.88,7.9,10.0
6.7,68,5.0,22.39,5.2,10.0
1.5,84,3.3,33.33,9.0,6.5
3.8,102,3.1,34.21,5.5,10.0
3.7,149,1.1,27.03,6.9,6.4
1.5,45,3.1,93.33,6.3,6.7
6.6,28,3.0,0.0,7.6,10.0
6.6,147,2.8,12.12,9.1,10.0
4.3,32,4.1,34.88,7.4,9.4
7.8,74,2.7,14.1,5.5,10.0
7.1,45,4.0,12.68,6.8,9.7
5.3,108,2.3,37.74,4.5,10.0
5.9,132,1.7,25.42,7.9,8.9
4.5,58,2.1,26.67,6.0,10.0
5.6,128,0.2,23.21,9.7,6.4
4.5,143,2.1,24.44,6.8,8.2
6.9,124,1.7,21.74,6.4,10.0
4.5,121,0.9,31.11,6.4,8.3
7.1,29,3.5,12.68,8.3,10.0
4.9,67,0.8,2.04,6.7,7.5
4.9,72,1.3,34.69,6.8,10.0
4.8,103,1.6,8.33,9.1,9.5
7.6,100,2.1,7.89,7.5,10.0
3.2,102,3.0,50.0,5.9,9.3
5.8,133,2.5,12.07,9.7,10.0
4.3,150,2.4,18.6,6.6,9.0
6.5,82,2.8,23.08,4.5,10.0
4.3,69,2.7,46.51,7.8,9.0
3.5,65,0.5,14.29,5.6,5.3
5.9,140,2.3,30.51,8.1,10.0
2.5,55,3.9,52.0,3.4,9.5
5.5,91,2.3,21.82,5.7,10.0
4.2,27,1.9,0.0,6.3,6.6
0.0,22,4.0,80.0,7.1,6.0
8.3,75,2.1,2.41,3.3,10.0
6.1,69,2.3,6.56,7.6,10.0
4.4,95,3.7,22.73,6.0,10.0
2.2,131,1.9,50.0,5.5,6.5
7.0,148,3.5,15.71,8.2,10.0
3.8,43,2.0,31.58,6.8,7.0
5.7,36,3.0,21.05,6.2,8.5
9.1,120,1.5,0.0,6.0,10.0
2.8,109,3.1,28.57,7.1,7.9
2.2,92,1.1,22.73,6.0,7.3
7.0,142,3.0,11.43,5.1,10.0
4.8,93,1.6,12.5,8.6,8.8
7.9,47,4.7,8.86,9.7,10.0
3.9,143,2.4,12.82,7.0,9.2
5.2,136,2.6,15.38,6.4,10.0
5.9,49,2.0,25.42,7.4,9.3
2.1,86,2.3,47.62,4.6,8.5
4.3,42,2.0,20.93,7.8,7.0
5.6,87,3.7,21.43,6.9,10.0
5.0,133,1.8,14.0,8.5,6.3
6.0,54,2.6,15.0,6.9,7.8
3.3,144,1.7,0.0,8.7,5.9
4.2,96,1.9,9.52,8.3,10.0
5.0,66,3.1,20.0,7.1,10.0
7.3,33,2.5,16.44,4.9,10.0
7.0,51,2.5,18.57,5.0,10.0
3.0,33,3.4,46.67,3.1,10.0
6.1,39,2.6,1.64,4.6,8.6
3.4,51,2.6,0.0,4.4,8.8
6.3,32,2.5,12.7,6.9,10.0
4.7,115,2.8,14.89,8.6,9.2
6.1,58,5.0,29.51,5.3,10.0
5.2,24,3.5,21.15,5.7,8.3
4.4,142,3.4,4.55,3.0,10.0
3.1,39,3.3,19.35,6.3,9.9
6.1,66,4.2,3.28,5.8,10.0
7.7,32,4.2,11.69,3.5,10.0
8.1,53,2.0,11.11,7.8,9.3
5.3,119,0.7,24.53,8.8,9.1
4.0,113,3.7,7.5,6.0,10.0
4.5,90,3.1,22.22,6.2,8.1
5.4,108,1.3,14.81,6.1,9.1
5.0,124,3.0,8.0,5.0,10.0
4.5,45,2.2,26.67,3.1,10.0
2.9,128,1.5,24.14,8.0,4.2
4.5,127,2.7,22.22,8.7,9.0
7.1,96,5.0,9.86,7.7,10.0
5.4,66,1.7,1.85,9.2,6.7
5.5,119,2.5,14.55,9.3,10.0
1.9,26,1.6,52.63,6.3,6.6
3.7,148,2.1,24.32,7.1,10.0
6.7,115,2.2,31.34,4.6,10.0
4.5,27,2.6,22.22,5.6,10.0
7.8,89,2.9,14.1,8.0,10.0
4.1,46,2.7,31.71,6.2,9.6
5.0,85,3.5,12.0,6.1,9.0
1.3,106,2.6,100.0,7.4,7.2
10.6,97,1.0,4.72,6.7,10.0
4.7,125,3.3,31.91,5.6,10.0
7.1,67,2.7,18.31,3.8,10.0
7.3,20,2.7,15.07,3.5,10.0
6.6,66,2.6,16.67,7.0,10.0
4.1,31,3.1,17.07,5.0,8.4
6.6,83,2.7,34.85,5.4,10.0
4.2,65,3.2,7.14,7.4,7.9
8.2,22,1.4,14.63,6.9,8.7
6.5,46,3.0,16.92,4.9,10.0
4.3,147,1.9,25.58,8.4,7.8
4.7,101,2.1,38.3,4.9,10.0
6.6,114,2.1,22.73,5.4,10.0
5.6,128,2.0,19.64,8.0,10.0
4.4,58,3.6,31.82,6.1,8.5
3.1,46,3.2,16.13,5.7,9.7
4.3,74,3.1,44.19,6.7,8.1
7.4,69,1.1,22.97,4.3,10.0
6.2,104,1.7,16.13,5.2,10.0
4.3,126,2.4,16.28,5.8,9.3
6.5,138,3.6,15.38,4.7,10.0
3.4,43,2.5,70.59,8.9,7.1
4.9,86,2.8,12.24,6.8,10.0
8.7,141,2.2,8.05,5.4,10.0
8.2,90,2.6,15.85,5.3,10.0
5.7,57,3.0,12.28,6.5,9.0
6.6,144,1.4,12.12,4.6,10.0
4.9,94,3.4,22.45,4.6,10.0
5.8,35,2.8,18.97,6.3,10.0
7.1,75,2.1,12.68,7.0,10.0
6.3,34,1.4,20.63,7.6,7.4
5.1,133,3.3,15.69,5.8,10.0
9.0,29,2.5,21.11,7.1,10.0
4.2,110,4.9,9.52,8.1,10.0
2.9,56,3.0,51.72,6.2,6.0
3.1,85,1.8,48.39,4.6,8.6
5.5,120,2.8,32.73,6.5,10.0
6.4,66,1.9,14.06,5.0,10.0
6.0,144,2.3,13.33,7.7,10.0
4.4,104,4.2,6.82,7.0,10.0
9.3,97,3.1,12.9,6.8,10.0
3.8,70,4.2,42.11,8.0,10.0
8.5,76,3.2,4.71,5.0,10.0
2.7,60,0.9,40.74,5.7,5.4
5.7,106,4.5,35.09,4.8,10.0
5.3,143,2.1,26.42,6.9,10.0
7.9,116,3.1,8.86,5.1,10.0
7.4,129,4.3,13.51,7.6,10.0
8.4,47,3.4,19.05,7.7,10.0
2.8,93,1.8,64.29,6.9,7.5
6.8,66,2.3,13.24,8.6,10.0
5.1,104,2.9,25.49,3.4,10.0
5.8,41,2.3,6.9,5.3,10.0
6.1,140,1.4,14.75,7.2,10.0
2.7,116,3.2,40.74,4.5,8.6
7.4,75,1.6,18.92,5.4,10.0
0.9,36,2.5,66.67,6.3,3.1
3.5,126,2.2,31.43,6.6,7.8
0.9,72,1.6,88.89,3.8,9.6
6.1,41,2.2,22.95,4.5,10.0
3.4,112,3.6,29.41,9.2,9.0
3.9,116,3.0,28.21,9.1,7.5
5.0,117,2.5,32.0,8.7,9.2
7.8,39,1.1,10.26,6.8,10.0
1.3,104,2.4,100.0,7.7,6.6
8.7,95,3.2,13.79,7.3,10.0
4.2,115,2.4,28.57,4.8,10.0
5.1,67,2.8,21.57,10.0,7.4
3.5,47,2.8,22.86,5.3,9.6
5.8,48,0.6,3.45,6.6,7.1
5.8,67,2.1,18.97,8.4,8.8
3.8,83,2.9,39.47,7.5,9.5
5.9,129,0.4,25.42,7.6,10.0
5.0,116,2.7,22.0,6.6,10.0
2.0,38,2.0,35.0,4.1,7.1
4.6,45,3.5,26.09,4.4,10.0
2.4,89,2.8,70.83,6.3,5.1
5.4,58,2.2,24.07,7.1,9.4
3.7,108,1.8,2.7,7.3,6.7
2.4,22,4.7,41.67,4.6,9.0
4.7,107,1.9,17.02,7.7,10.0
6.9,24,0.9,8.7,6.6,10.0
3.7,119,2.7,27.03,6.1,9.0
4.0,123,3.9,27.5,6.7,10.0
3.7,108,3.5,29.73,6.6,10.0
4.2,46,4.9,26.19,6.6,9.9
5.0,75,1.7,18.0,6.9,7.8
8.7,38,3.2,8.05,5.7,10.0
4.2,59,1.8,9.52,6.3,5.6
3.8,64,2.2,47.37,4.6,9.4
4.4,110,0.7,29.55,7.0,7.8
4.0,47,1.9,17.5,7.5,7.4
5.1,20,3.0,23.53,5.1,8.2
4.8,95,2.3,39.58,5.6,10.0
5.5,60,2.7,7.27,4.7,10.0
3.7,147,3.0,40.54,7.3,9.9
9.4,53,3.6,7.45,8.0,10.0
5.4,20,1.2,1.85,9.0,6.8
2.4,37,1.8,91.67,7.7,6.8
6.7,56,1.0,11.94,7.1,9.5
5.7,37,1.2,22.81,5.1,7.5
4.8,57,2.0,27.08,8.9,7.6
6.2,37,0.7,25.81,7.6,7.9
5.5,26,2.1,29.09,7.9,5.8
4.8,97,2.2,22.92,6.4,9.9
6.2,23,1.2,0.0,6.5,10.0
1.1,29,3.0,63.64,6.0,3.2
3.1,69,1.8,61.29,8.6,5.5
6.8,58,3.4,11.76,5.2,10.0
4.8,106,3.4,39.58,5.6,10.0
3.0,73,3.3,33.33,8.5,5.1
8.0,106,1.3,10.0,5.3,10.0
3.3,44,3.2,21.21,6.5,10.0
8.2,80,2.6,14.63,8.3,10.0
8.5,104,1.4,15.29,9.2,10.0
6.1,95,2.8,18.03,6.5,10.0
5.5,116,2.9,18.18,9.8,9.5
7.6,140,2.3,1.32,8.0,10.0
6.7,25,1.3,16.42,8.2,9.3
5.5,93,4.8,10.91,5.7,10.0
6.3,112,3.9,22.22,4.7,10.0
4.4,73,2.9,0.0,9.7,7.3
4.0,149,2.9,60.0,5.8,10.0
1.5,114,1.5,33.33,6.8,8.1
3.6,77,2.1,22.22,4.4,9.3
6.0,34,0.6,16.67,5.3,8.0
2.6,129,3.4,53.85,7.0,9.2
4.5,83,2.7,13.33,5.3,10.0
6.2,53,2.1,29.03,7.1,10.0
2.7,45,2.3,59.26,6.7,7.0
5.1,103,3.4,29.41,8.1,10.0
5.9,41,3.5,23.73,8.2,10.0
2.1,143,2.0,47.62,6.0,9.7
4.3,35,3.4,25.58,5.7,6.8
2.9,53,1.3,20.69,7.1,3.8
3.4,30,0.9,38.24,9.7,3.4
5.4,35,2.3,18.52,7.3,10.0
3.5,125,2.5,5.71,5.5,9.9
5.9,99,3.6,6.78,5.3,10.0
3.0,51,2.1,6.67,4.8,7.1
5.8,28,1.0,5.17,4.8,10.0
5.4,96,3.1,5.56,7.2,10.0
3.0,142,1.8,23.33,6.2,7.0
8.1,101,4.5,0.0,5.1,10.0
8.6,91,3.3,11.63,6.6,10.0
5.0,50,3.5,24.0,6.8,8.9
5.3,64,1.7,15.09,9.1,7.4
4.3,96,1.5,23.26,9.2,8.1
5.5,29,2.9,16.36,3.0,10.0
4.2,98,1.9,21.43,5.6,9.1
7.8,146,3.3,12.82,5.2,10.0
6.4,100,1.7,9.37,7.4,10.0
4.3,28,2.1,41.86,5.9,7.0
2.2,118,3.4,68.18,7.4,7.9
2.7,57,3.0,70.37,3.8,10.0
1.7,28,2.6,35.29,7.7,5.1
1.8,108,1.8,77.78,5.5,6.9
5.5,27,2.4,0.0,7.0,8.3
7.8,46,1.0,23.08,8.6,10.0
4.8,23,1.1,31.25,3.7,7.3
4.7,138,4.0,25.53,7.5,10.0
9.5,137,2.9,20.0,6.9,10.0
5.0,139,1.3,24.0,8.3,7.2
3.6,24,1.7,22.22,7.5,7.8
5.1,22,3.6,13.73,8.1,10.0
3.9,75,2.5,35.9,6.8,6.2
4.4,125,1.8,11.36,7.9,10.0
4.4,114,3.2,4.55,10.0,9.4
5.3,83,2.0,22.64,9.1,9.1
4.8,146,1.8,14.58,5.4,8.7
6.9,33,2.7,18.84,6.4,10.0
9.1,78,1.5,18.68,8.5,10.0
2.6,75,3.3,69.23,5.7,6.5
8.1,23,3.5,8.64,6.1,10.0
8.7,102,4.0,10.34,8.8,10.0
6.3,49,2.3,17.46,7.3,10.0
3.1,124,3.0,35.48,7.7,7.0
8.9,148,2.3,6.74,6.3,10.0
2.7,92,2.8,40.74,4.3,10.0
4.6,96,2.5,28.26,5.8,8.5
5.2,55,1.2,23.08,8.0,7.4
3.7,38,3.2,32.43,10.0,4.7
6.6,66,1.9,22.73,5.0,10.0
6.8,88,2.1,8.82,5.9,10.0
6.3,132,2.8,26.98,6.1,10.0
7.9,138,4.0,10.13,7.2,10.0
6.5,85,1.5,16.92,5.3,10.0
7.8,60,3.9,19.23,8.3,10.0
4.0,97,3.0,25.0,5.9,10.0
0.8,104,2.4,75.0,6.7,5.9
4.5,44,1.4,20.0,8.8,8.0
2.7,66,3.8,14.81,5.2,9.9
1.4,25,2.7,100.0,7.4,5.3
3.7,54,3.4,21.62,6.1,8.4
4.7,36,3.4,14.89,4.7,10.0
4.4,54,3.9,25.0,5.9,9.1
8.1,122,2.0,4.94,8.8,10.0
4.3,89,3.3,32.56,7.0,10.0
1.3,48,4.5,61.54,6.1,7.9
2.8,119,2.4,3.57,5.1,8.0
9.8,91,2.6,6.12,5.1,10.0
7.5,97,4.6,20.0,5.0,10.0
4.6,85,2.3,13.04,7.1,8.4
5.1,87,1.5,33.33,5.4,9.5
4.8,64,1.2,12.5,6.9,9.1
3.5,64,1.1,40.0,5.1,7.7
8.0,143,2.7,12.5,5.6,10.0
7.1,26,3.0,11.27,7.9,10.0
5.3,120,3.1,45.28,7.6,10.0
0.0,40,3.3,100.0,8.1,5.8
7.3,91,2.1,6.85,5.7,10.0
1.2,138,3.2,100.0,7.2,7.2
3.6,128,3.5,55.56,6.9,8.4
2.9,58,3.7,41.38,6.0,6.5
5.3,103,2.7,13.21,6.0,10.0
1.5,88,1.3,53.33,4.3,9.0
7.2,47,2.3,20.83,9.1,10.0
3.2,34,2.9,37.5,4.7,9.1
3.9,93,1.5,23.08,6.2,6.7
7.0,31,3.7,12.86,5.1,10.0
8.3,131,3.8,3.61,9.5,10.0
6.3,95,2.8,14.29,8.2,9.1
6.0,95,2.9,25.0,7.6,10.0
3.9,63,2.5,41.03,5.0,10.0
6.1,87,0.9,13.11,7.0,8.7
4.5,21,1.4,17.78,7.2,6.4
2.2,98,2.9,31.82,6.3,8.6
4.6,40,3.9,45.65,5.8,10.0
5.3,50,1.2,18.87,6.6,5.9
5.7,51,0.8,0.0,6.7,7.3
7.0,132,0.6,14.29,9.7,10.0
2.5,131,1.7,60.0,5.5,10.0
4.5,129,1.3,22.22,8.9,7.2
4.8,142,3.2,20.83,5.1,10.0
4.4,98,2.0,31.82,6.1,7.1
6.2,93,3.3,14.52,6.5,10.0
3.3,147,1.9,30.3,5.8,8.7
5.0,29,0.8,12.0,7.4,4.5
7.6,52,2.2,15.79,6.5,10.0
7.7,32,1.3,9.09,7.5,8.9
3.4,101,3.6,29.41,7.5,9.5
5.6,34,3.6,14.29,7.0,10.0
4.0,141,3.0,20.0,3.4,10.0
4.0,73,4.8,2.5,7.6,10.0
9.0,81,2.3,16.67,7.0,10.0
3.4,76,1.2,17.65,6.7,7.7
2.8,80,2.7,50.0,5.4,9.4
8.2,108,2.2,2.44,5.1,10.0
7.5,149,3.2,6.67,7.3,10.0
9.0,79,3.4,16.67,5.1,10.0
6.0,104,1.0,18.33,6.7,9.3
8.3,81,3.0,13.25,5.5,10.0
4.8,103,0.4,35.42,5.4,8.8
1.9,129,2.5,47.37,8.6,6.2
6.2,93,2.5,22.58,6.0,8.8
4.4,124,3.4,25.0,6.4,10.0
6.4,31,3.4,3.12,6.1,10.0
2.0,135,3.9,15.0,4.7,9.2
8.2,32,2.3,10.98,7.2,10.0
5.2,123,4.1,19.23,6.6,10.0
3.6,30,3.6,33.33,7.3,8.2
6.2,103,1.4,27.42,8.1,10.0
2.6,126,4.5,23.08,7.6,9.3
2.9,73,2.1,51.72,3.0,9.7
7.3,141,2.4,24.66,7.6,10.0
3.7,117,2.8,24.32,8.1,9.9
6.8,91,4.6,14.71,5.9,10.0
5.0,61,0.2,6.0,5.7,7.7
4.6,123,2.3,32.61,6.1,8.5
1.9,103,2.3,89.47,7.7,5.4
4.9,139,3.5,2.04,7.4,10.0
6.8,96,1.7,20.59,3.4,10.0
3.8,121,3.5,13.16,6.4,10.0
1.5,111,2.3,20.0,8.0,7.7
6.4,106,3.6,12.5,4.6,10.0
3.9,119,1.1,15.38,5.8,8.3
5.8,76,1.9,5.17,8.5,9.1
8.3,43,2.5,14.46,6.7,10.0
4.8,67,3.6,12.5,6.3,10.0
4.8,30,3.5,33.33,5.3,10.0
6.1,72,2.7,31.15,7.2,10.0
2.9,106,3.7,3.45,7.9,6.2
3.5,148,0.9,40.0,5.1,10.0
7.5,140,3.8,8.0,8.2,10.0
4.7,26,1.6,36.17,5.2,7.1
2.9,91,1.0,24.14,8.7,3.8
3.8,30,1.6,21.05,6.6,5.1
5.6,78,0.8,1.79,9.2,6.4
9.4,79,0.8,12.77,6.7,10.0
4.2,127,4.3,38.1,3.9,10.0
8.7,126,2.0,3.45,4.3,10.0
2.7,44,2.4,37.04,6.4,5.0
4.8,20,2.0,27.08,8.1,6.6
3.9,115,2.7,10.26,7.6,8.9
5.6,31,4.3,23.21,7.3,10.0
5.9,84,2.1,32.2,4.8,10.0
6.6,101,1.0,21.21,7.6,10.0
4.4,44,2.2,36.36,4.3,9.3
5.9,70,3.1,16.95,3.9,10.0
6.3,97,1.6,7.94,8.2,8.6
3.3,98,1.9,15.15,7.2,8.8
8.8,130,2.4,15.91,4.3,10.0
5.6,92,2.8,19.64,6.0,10.0
7.0,77,2.2,17.14,8.0,9.5
7.1,26,4.1,9.86,7.4,10.0
2.3,46,2.8,30.43,7.5,5.6
4.8,37,1.8,29.17,4.6,9.3
5.9,50,3.7,23.73,10.0,10.0
5.4,99,2.6,22.22,5.0,10.0
5.1,90,3.1,33.33,6.4,10.0
4.4,77,1.9,4.55,7.0,7.7
8.7,35,2.3,11.49,6.5,10.0
5.0,37,2.8,0.0,5.5,8.6
3.2,89,1.9,34.38,4.8,8.5
2.8,119,3.9,25.0,7.5,10.0
5.5,140,2.8,20.0,6.4,10.0
3.7,143,3.4,8.11,5.7,9.6
7.0,136,1.0,2.86,6.3,10.0
6.4,146,2.0,1.56,7.7,10.0
4.4,133,2.7,0.0,4.6,8.9
1.9,99,1.1,31.58,6.2,6.0
6.4,45,3.3,9.37,8.9,10.0
3.6,129,2.5,16.67,6.7,9.0
6.9,146,3.2,23.19,6.4,10.0
6.3,74,1.7,22.22,8.0,10.0
6.0,75,2.3,35.0,6.2,7.7
3.9,132,1.8,0.0,5.8,8.0
4.9,27,2.3,10.2,8.8,6.8
6.4,149,2.4,23.44,4.7,10.0
10.3,91,3.9,8.74,7.3,10.0
5.3,36,0.0,24.53,8.0,5.3
3.0,46,0.8,36.67,7.6,4.7
4.3,104,2.6,44.19,3.2,10.0
3.6,54,2.5,11.11,8.5,6.4
4.4,20,2.6,15.91,7.5,8.0
4.8,136,0.7,27.08,6.7,6.5
7.7,66,2.6,10.39,6.0,10.0
7.2,86,0.6,5.56,8.1,10.0
4.0,114,1.8,32.5,5.5,8.4
3.1,110,3.0,45.16,7.2,8.4
5.3,130,1.8,9.43,7.6,7.9
1.6,104,2.5,56.25,7.6,6.7
6.5,136,3.3,12.31,5.9,10.0
8.3,67,3.8,18.07,9.4,10.0
2.1,88,2.6,66.67,6.3,7.8
5.8,141,2.3,22.41,6.1,10.0
1.4,103,2.7,64.29,5.9,6.9
1.9,75,1.7,84.21,5.9,5.4
5.7,117,1.5,22.81,5.2,10.0
5.2,85,3.1,26.92,5.7,10.0
5.6,70,2.5,32.14,6.5,9.1
3.0,125,2.5,13.33,4.7,10.0
8.0,23,2.4,16.25,7.2,10.0
4.4,41,1.2,40.91,5.1,8.4
3.6,119,1.7,30.56,8.7,4.7
3.0,106,1.1,63.33,7.1,6.1
3.2,144,1.9,25.0,6.9,10.0
6.8,141,2.8,10.29,5.9,10.0
3.2,119,1.1,18.75,6.8,9.6
8.8,84,3.5,25.0,9.5,10.0
4.9,41,3.2,34.69,8.7,9.1
6.9,137,3.0,18.84,4.2,10.0
4.7,51,1.6,23.4,5.9,9.1
9.8,81,2.0,16.33,5.0,10.0
4.9,85,1.1,30.61,5.0,7.8
1.3,92,2.5,30.77,3.2,7.6
3.1,93,2.4,38.71,5.0,9.4
8.3,67,2.7,13.25,6.1,10.0
2.3,43,2.9,65.22,7.1,8.0
5.6,115,2.9,23.21,8.9,9.8
3.3,59,2.7,30.3,9.3,6.8
0.9,104,3.0,0.0,7.4,6.8
5.0,122,2.8,22.0,5.3,10.0
4.7,130,4.0,27.66,4.9,10.0
7.5,111,2.2,18.67,8.0,10.0
4.6,58,2.5,28.26,6.8,10.0
1.3,133,2.3,61.54,5.4,7.4
0.8,139,3.2,100.0,6.0,7.4
4.4,66,3.1,20.45,5.6,10.0
8.2,137,2.4,12.2,5.4,10.0
2.6,46,2.9,38.46,4.5,7.0
3.7,127,3.0,8.11,5.6,10.0
4.7,105,1.9,23.4,3.6,9.0
7.2,70,2.8,26.39,6.2,10.0
6.3,82,2.7,23.81,6.5,10.0
2.0,126,1.8,70.0,8.1,8.2
9.7,71,1.3,4.12,6.6,10.0
3.9,22,2.6,17.95,5.7,7.7
8.7,129,2.8,24.14,5.8,10.0
3.9,82,0.6,41.03,6.8,7.4
0.9,37,2.9,33.33,7.1,7.8
3.8,103,0.5,2.63,5.8,9.6
9.5,136,2.6,6.32,7.5,10.0
3.5,53,1.3,8.57,6.5,8.1
5.1,92,2.9,17.65,6.6,10.0
0.0,20,2.9,100.0,4.0,3.7
4.0,99,2.8,47.5,9.5,7.1
7.0,82,2.5,12.86,4.8,10.0
3.5,107,2.3,20.0,6.7,9.4
4.3,129,1.8,30.23,6.8,8.8
3.7,98,3.0,21.62,5.5,8.0
7.4,73,3.3,8.11,4.3,10.0
4.0,130,3.1,32.5,7.5,10.0
3.8,20,2.6,10.53,6.4,9.1
5.7,149,4.6,5.26,4.0,10.0
3.9,145,1.4,38.46,7.8,9.8
5.9,61,0.7,6.78,7.1,8.2
3.2,35,2.2,15.62,7.0,6.4
4.3,144,0.4,44.19,5.9,8.6
5.4,146,3.1,16.67,5.1,10.0
6.2,86,3.8,14.52,6.1,10.0
2.4,68,1.6,16.67,7.9,3.1
3.3,129,4.3,24.24,6.8,10.0
8.1,118,2.9,19.75,9.3,10.0
5.9,64,4.3,30.51,7.3,10.0
4.1,118,3.5,48.78,7.3,8.8
5.8,141,2.7,0.0,4.0,10.0
3.8,70,1.3,34.21,5.7,10.0
6.0,22,3.3,0.0,9.5,9.6
3.9,74,2.5,33.33,6.5,7.5
7.0,29,3.8,20.0,7.0,10.0
8.1,30,3.5,19.75,5.0,10.0
3.2,26,3.4,43.75,8.7,8.9
7.3,130,3.7,4.11,6.9,10.0
6.2,102,1.8,11.29,6.8,9.8
5.2,45,2.9,26.92,9.2,8.0
4.3,70,1.7,25.58,9.0,7.2
8.3,35,1.1,9.64,6.8,10.0
4.5,129,2.5,11.11,3.0,10.0
5.4,20,3.2,16.67,9.8,8.3
3.6,40,2.4,0.0,6.8,10.0
3.0,119,2.6,46.67,10.0,7.3
5.8,125,5.0,17.24,6.0,10.0
4.1,121,4.9,24.39,6.7,10.0
2.2,58,1.4,22.73,7.4,5.6
5.3,141,2.0,1.89,6.1,10.0
1.1,89,0.9,100.0,7.7,6.2
5.6,125,1.3,23.21,6.8,9.9
2.6,145,3.8,23.08,4.7,10.0
5.1,65,2.7,29.41,3.3,10.0
6.3,61,3.1,4.76,5.7,9.2
6.5,67,2.4,0.0,5.5,10.0
6.0,96,0.5,16.67,6.4,7.8
7.9,108,3.0,6.33,5.2,10.0
7.7,76,2.9,16.88,5.8,10.0
6.2,41,2.8,11.29,7.3,9.9
2.3,90,1.9,39.13,8.5,5.8
5.2,58,2.0,0.0,8.5,10.0
8.7,89,1.8,22.99,6.6,10.0
3.9,69,1.5,35.9,5.9,7.3
4.0,31,2.1,17.5,9.5,7.3
4.5,20,2.7,22.22,5.1,9.8
6.6,106,3.2,13.64,6.2,10.0
7.5,135,2.5,20.0,5.3,10.0
3.9,35,2.1,12.82,8.2,6.4
5.1,123,1.8,0.0,5.8,10.0
0.6,82,1.4,100.0,9.9,4.0
4.0,123,4.2,45.0,3.8,10.0
4.2,86,2.1,26.19,6.4,5.8
7.1,109,3.1,8.45,4.6,10.0
8.1,70,3.0,22.22,5.2,10.0
5.2,115,2.4,11.54,7.5,9.6
2.3,72,2.1,43.48,4.3,7.8
7.0,30,1.8,17.14,5.7,10.0
5.8,28,4.4,15.52,4.8,10.0
6.0,33,4.2,1.67,4.3,10.0
3.0,63,0.7,0.0,6.1,8.5
6.5,110,2.2,18.46,6.3,10.0
5.2,149,3.0,30.77,5.8,10.0
3.2,61,1.9,18.75,6.5,7.9
6.6,137,0.2,19.7,5.4,10.0
5.4,21,1.9,27.78,7.6,8.5
4.2,85,2.7,21.43,8.1,10.0
7.2,32,3.2,13.89,6.7,10.0
4.4,146,3.0,27.27,4.7,10.0
7.9,97,1.9,20.25,5.7,10.0
4.7,140,2.4,25.53,4.7,9.6
4.1,39,2.6,14.63,8.3,6.0
6.6,86,3.5,19.7,4.9,10.0
5.9,108,3.1,16.95,9.1,10.0
7.8,80,4.0,21.79,8.6,10.0
2.5,134,2.6,20.0,7.0,7.9
6.4,45,3.8,12.5,8.3,10.0
4.2,72,0.6,33.33,7.5,7.1
4.0,133,2.4,30.0,6.5,8.0
6.4,121,1.8,12.5,5.0,10.0
6.3,131,2.3,9.52,6.7,10.0
5.1,74,2.9,35.29,7.2,9.6
5.8,104,0.0,24.14,5.4,8.5
7.5,109,0.8,5.33,10.0,9.2
5.1,110,3.4,33.33,6.9,10.0
4.3,43,3.7,25.58,6.7,8.9
3.3,97,1.9,3.03,7.4,8.0
2.9,34,0.7,44.83,7.0,6.9
5.4,61,1.0,27.78,5.4,10.0
1.4,61,4.0,71.43,4.9,6.5
8.5,127,2.8,14.12,5.0,10.0
3.0,20,2.6,0.0,4.8,5.0
4.8,146,2.0,29.17,6.5,10.0
3.3,36,0.9,33.33,6.8,4.1
4.8,71,3.9,27.08,4.9,10.0
2.1,48,0.7,14.29,7.8,5.1
6.0,134,1.5,8.33,7.1,10.0
6.9,130,3.5,10.14,6.9,10.0
7.1,148,2.0,12.68,5.3,10.0
3.4,128,2.4,35.29,5.8,10.0
10.1,133,1.5,12.87,6.2,10.0
2.6,94,1.4,46.15,6.0,7.8
5.3,146,2.3,20.75,8.7,10.0
2.0,87,2.2,80.0,6.1,6.7
5.8,123,2.8,31.03,6.3,10.0
3.3,27,2.5,24.24,9.1,4.6
5.9,29,2.2,18.64,6.6,7.8
5.6,100,3.5,17.86,3.9,10.0
5.0,119,1.4,26.0,8.7,9.4
4.4,120,2.0,20.45,5.3,10.0
1.8,24,2.2,33.33,4.7,4.9
9.4,109,1.4,12.77,4.1,10.0
7.2,142,2.4,19.44,6.0,10.0
0.4,36,3.0,100.0,9.0,4.4
2.3,149,0.8,43.48,5.6,8.7
6.0,79,2.1,18.33,5.4,10.0
5.7,64,3.5,24.56,6.2,10.0
1.4,103,1.9,78.57,6.9,3.3
5.5,102,2.8,20.0,7.0,10.0
4.8,36,2.1,16.67,7.1,6.5
6.2,75,2.9,9.68,7.8,9.9
4.7,73,2.1,17.02,5.9,8.8
5.9,63,2.8,20.34,6.5,9.5
7.3,118,1.6,21.92,6.0,10.0
0.0,21,3.6,100.0,8.8,4.6
6.1,103,1.5,19.67,6.5,10.0
5.0,55,1.5,2.0,4.3,10.0
3.5,105,2.1,34.29,5.7,8.5
4.4,90,2.0,40.91,4.1,9.6
5.1,22,2.2,3.92,6.2,10.0
6.7,43,2.5,14.93,5.8,10.0
8.9,21,2.6,15.73,7.2,10.0
3.9,81,3.2,20.51,8.8,9.8
6.3,140,2.8,11.11,7.9,10.0
5.2,95,1.4,25.0,3.0,10.0
1.6,126,3.1,56.25,5.8,5.6
3.6,61,1.1,41.67,4.4,6.4
3.9,82,2.5,17.95,6.4,10.0
3.7,99,1.7,21.62,5.1,7.7
6.4,117,3.1,12.5,5.7,10.0
2.7,59,1.9,51.85,4.7,7.4
8.7,142,1.3,19.54,7.6,10.0
6.4,112,1.0,23.44,5.1,10.0
6.7,43,2.9,11.94,9.9,9.9
8.0,127,1.9,8.75,5.0,10.0
6.1,25,2.4,18.03,4.9,9.3
5.4,58,1.2,16.67,3.0,10.0
5.3,33,2.2,35.85,5.7,7.5
7.2,88,2.2,20.83,6.1,10.0
4.1,24,2.1,31.71,6.8,5.9
4.7,118,3.1,19.15,6.5,10.0
3.0,21,2.9,33.33,7.7,8.3
4.9,47,2.5,28.57,9.1,9.4
5.6,65,3.5,8.93,7.8,9.7
4.6,25,2.9,13.04,8.4,6.5
5.4,57,1.7,5.56,7.5,8.1
7.0,117,5.0,17.14,5.7,10.0
7.3,42,3.4,8.22,4.9,10.0
7.4,75,3.1,21.62,6.2,10.0
4.5,109,4.3,20.0,8.6,10.0
2.6,28,2.8,53.85,6.5,7.4
5.9,94,3.4,16.95,4.4,10.0
3.3,123,3.5,30.3,5.5,10.0
6.3,128,1.8,17.46,4.9,10.0
5.0,97,1.8,2.0,8.6,8.0
0.3,81,1.8,0.0,6.5,6.0
7.4,141,2.5,12.16,4.9,10.0
4.1,22,2.6,21.95,9.2,6.9
5.8,73,3.1,10.34,8.5,10.0
6.7,107,2.4,20.9,5.6,10.0
8.1,37,2.0,0.0,7.8,10.0
1.6,65,1.8,75.0,4.4,7.1
4.5,38,2.8,13.33,10.0,7.5
6.3,95,2.4,12.7,8.1,10.0
8.2,20,4.6,13.41,6.5,10.0
3.9,86,2.3,35.9,3.3,10.0
5.4,94,4.1,14.81,5.7,10.0
7.2,121,1.9,19.44,6.5,10.0
2.2,104,2.9,0.0,6.6,6.6
4.9,77,3.2,18.37,6.4,10.0
3.5,96,3.3,45.71,4.6,9.3
7.1,79,3.1,19.72,3.0,10.0
6.0,61,3.4,28.33,5.3,10.0
4.3,40,1.3,27.91,4.5,9.2
4.9,86,1.0,18.37,3.4,9.9
5.3,37,3.0,20.75,7.8,10.0
6.4,54,1.3,23.44,6.5,10.0
6.5,24,1.2,18.46,8.7,5.4
7.9,42,0.2,18.99,6.4,9.1
3.7,104,3.0,21.62,5.7,9.6
4.9,53,2.0,20.41,6.6,6.1
3.0,44,5.0,53.33,6.8,10.0
0.0,146,3.2,100.0,8.5,5.9
2.7,144,2.8,37.04,5.6,8.7
7.0,129,2.9,20.0,7.5,10.0
5.5,89,2.9,29.09,8.4,10.0
7.3,66,3.0,17.81,3.7,10.0
5.3,58,3.2,37.74,7.0,10.0
5.7,61,2.2,22.81,4.5,10.0
3.2,87,0.7,18.75,6.4,6.6
3.9,63,2.4,23.08,8.0,5.5
6.9,63,2.1,13.04,7.2,10.0
4.5,91,3.5,26.67,8.2,10.0
3.9,65,2.0,17.95,7.1,7.8
7.0,60,3.1,28.57,4.2,10.0
2.7,146,2.8,40.74,8.7,10.0
4.1,99,2.7,26.83,6.7,8.7
5.7,26,0.3,14.04,8.8,3.7
3.6,105,1.7,33.33,8.0,8.8
2.5,34,4.3,32.0,8.1,8.8
3.2,99,3.6,28.12,8.6,8.4
5.2,144,1.7,0.0,8.2,9.7
2.6,24,2.5,19.23,7.5,3.9
5.4,113,3.3,14.81,7.0,10.0
1.9,139,1.7,42.11,7.3,8.0
2.4,128,3.4,37.5,6.1,7.2
5.4,25,3.8,22.22,6.0,10.0
6.6,110,2.3,28.79,5.9,10.0
5.6,68,2.7,21.43,9.0,10.0
6.3,38,2.9,12.7,6.3,9.4
7.2,108,2.6,15.28,6.4,10.0
3.2,76,3.9,37.5,3.1,10.0
0.0,107,3.9,100.0,6.9,7.8
6.0,144,2.0,16.67,8.5,10.0
5.5,54,1.5,23.64,5.8,9.5
8.9,110,3.4,11.24,7.0,10.0
5.0,29,2.4,6.0,6.0,7.2
4.1,39,1.5,43.9,6.9,8.7
0.9,119,2.6,100.0,5.8,7.7
3.7,21,3.0,13.51,7.4,7.9
5.1,63,1.9,17.65,5.0,10.0
4.6,43,4.9,32.61,3.0,10.0
3.0,113,1.9,23.33,6.3,6.9
5.1,146,1.6,31.37,7.1,10.0
5.5,57,2.0,30.91,3.1,10.0
3.5,47,1.9,14.29,5.5,7.5
6.1,66,3.5,0.0,7.5,10.0
7.1,54,1.9,18.31,6.4,10.0
7.7,76,2.4,2.6,6.5,9.7
4.7,134,0.8,27.66,8.3,8.3
3.7,94,1.4,29.73,6.2,7.2
2.5,113,3.0,20.0,5.6,9.4
1.6,92,3.4,18.75,6.4,8.5
6.2,134,0.8,8.06,10.0,9.9
2.6,98,1.5,92.31,6.7,5.5
4.9,67,3.9,12.24,5.4,10.0
5.6,52,0.7,19.64,6.3,8.1
6.2,36,2.8,14.52,7.3,10.0
0.9,134,1.5,88.89,5.5,6.1
0.0,99,1.9,100.0,7.1,5.0
2.4,96,2.1,33.33,5.2,10.0
3.1,127,5.0,54.84,7.7,8.7
3.3,90,2.7,54.55,4.7,8.5
6.0,61,3.8,33.33,6.5,10.0
5.2,80,1.2,3.85,8.6,7.5
5.8,22,5.0,0.0,6.4,10.0
3.8,24,3.5,28.95,4.2,8.2
7.4,133,1.8,13.51,4.3,10.0
5.6,24,1.3,19.64,7.0,6.4
3.8,56,2.5,18.42,4.7,8.3
2.4,106,2.5,33.33,3.9,8.7
9.1,22,2.8,1.1,6.4,10.0
10.3,70,1.6,1.94,7.1,10.0
7.5,66,1.1,18.67,4.5,10.0
5.0,89,2.0,30.0,7.6,10.0
5.3,60,2.6,13.21,5.4,9.3
3.5,50,3.0,34.29,7.9,8.0
3.9,87,2.5,28.21,6.1,10.0
9.3,66,3.6,13.98,6.1,10.0
2.1,22,2.3,23.81,8.9,2.6
0.3,47,2.5,100.0,4.5,7.5
2.5,85,2.6,72.0,7.0,9.7
4.2,72,3.3,14.29,5.0,9.9
4.3,80,3.1,27.91,5.1,10.0
7.7,85,2.9,5.19,4.3,10.0
1.7,97,2.6,82.35,5.8,6.7
5.5,49,1.0,20.0,6.2,8.4
5.5,148,1.9,20.0,9.0,10.0
6.6,128,1.7,3.03,8.5,10.0
5.3,74,3.8,16.98,3.0,10.0
2.5,78,2.5,52.0,4.4,8.5
5.4,139,3.4,24.07,7.1,10.0
4.4,41,2.7,25.0,3.6,10.0
2.8,35,1.8,17.86,3.0,8.3
3.6,64,2.4,5.56,6.2,5.8
7.0,66,2.7,7.14,5.9,10.0
4.4,92,3.6,18.18,6.4,10.0
3.3,123,1.4,9.09,5.1,10.0
1.7,149,2.2,100.0,6.9,7.8
4.4,148,3.0,25.0,6.9,10.0
6.6,71,2.2,27.27,7.3,10.0
4.9,114,2.1,28.57,9.0,10.0
7.2,30,0.0,13.89,7.4,6.7
0.9,62,3.1,100.0,7.9,3.5
7.1,64,2.5,18.31,5.8,10.0
6.4,56,2.8,7.81,4.2,10.0
4.2,119,1.1,40.48,5.2,7.8
1.4,73,1.9,64.29,7.4,5.4
5.4,20,3.4,24.07,4.1,10.0
4.8,103,2.5,16.67,6.3,10.0
6.9,131,3.6,18.84,8.9,10.0
8.3,96,1.6,6.02,6.5,10.0
8.8,133,1.6,1.14,5.1,10.0
6.3,68,1.9,0.0,5.6,9.8
5.1,75,2.5,13.73,6.4,10.0
5.3,35,1.0,7.55,5.9,9.4
5.4,45,2.6,25.93,4.9,10.0
8.5,33,4.4,20.0,5.7,10.0
5.4,63,2.8,11.11,7.1,8.8
3.3,46,2.6,18.18,7.4,7.1
3.0,69,3.3,0.0,6.2,8.8
6.9,142,1.7,24.64,7.3,9.5
4.7,38,3.0,23.4,6.0,9.5
4.9,64,1.0,20.41,6.1,6.3
1.8,100,4.9,38.89,6.6,10.0
8.2,143,2.2,4.88,5.4,10.0
5.5,147,1.8,3.64,7.0,10.0
5.7,34,3.3,24.56,8.9,10.0
5.4,135,2.3,12.96,8.0,10.0
6.6,25,2.5,13.64,8.0,9.9
7.0,56,1.7,14.29,7.4,8.7
3.7,28,4.1,40.54,8.3,6.2
4.3,96,1.9,30.23,6.7,7.0
6.9,85,1.5,1.45,7.6,10.0
5.1,133,4.5,17.65,4.8,10.0
5.0,22,1.2,38.0,7.0,7.4
7.2,120,3.0,0.0,4.9,10.0
5.8,36,4.1,20.69,4.7,10.0
2.7,118,3.1,48.15,6.2,9.3
3.8,68,2.6,36.84,6.9,8.7
5.3,132,1.6,33.96,6.2,9.7
4.4,68,0.7,20.45,5.8,7.7
4.2,75,2.8,35.71,7.7,7.1
4.0,118,1.0,35.0,7.0,7.4
4.6,40,1.7,15.22,4.0,9.2
3.2,123,3.9,3.12,6.5,10.0
7.6,134,1.9,15.79,7.3,10.0
6.2,135,2.2,33.87,4.5,10.0
5.7,93,2.1,19.3,5.5,10.0
4.4,144,2.0,0.0,7.8,7.7
5.1,68,2.0,17.65,7.0,7.8
2.3,138,1.8,73.91,9.6,5.7
4.3,144,2.9,18.6,7.0,10.0
4.4,40,0.8,15.91,5.4,5.9
4.5,106,3.5,2.22,8.2,8.9
6.9,68,2.4,14.49,6.7,10.0
2.8,62,5.0,53.57,8.0,9.2
6.8,105,2.8,20.59,8.3,10.0
4.9,109,1.1,28.57,5.3,10.0
4.6,108,2.6,36.96,3.0,10.0
5.2,118,3.3,23.08,7.7,10.0
2.1,28,4.0,90.48,6.7,7.5
5.0,98,3.0,42.0,5.5,8.8
4.9,139,3.8,34.69,5.5,10.0
6.6,102,1.6,18.18,9.3,10.0
1.5,107,1.5,100.0,8.3,5.6
6.3,30,2.3,9.52,3.9,10.0
5.7,133,4.2,10.53,4.9,10.0
4.6,144,3.8,15.22,5.3,10.0
5.7,59,1.4,14.04,4.7,10.0
3.3,141,1.3,51.52,6.3,8.4
4.3,81,1.2,27.91,6.4,8.6
8.0,96,3.8,15.0,4.8,10.0
5.1,110,3.2,25.49,5.4,10.0
6.0,112,3.5,16.67,6.6,10.0
6.8,25,2.7,23.53,5.6,10.0
6.3,37,1.4,19.05,3.0,9.4
0.4,22,1.8,100.0,5.3,3.1
7.0,145,4.0,21.43,5.6,10.0
4.6,105,2.1,19.57,6.6,10.0
2.7,135,2.8,44.44,7.7,10.0
2.7,58,0.9,62.96,8.5,5.5
6.8,144,1.7,20.59,5.7,10.0
3.8,138,2.6,50.0,4.9,9.1
4.4,146,3.5,9.09,7.6,10.0
4.2,85,3.1,9.52,7.0,9.6
5.7,59,2.3,33.33,5.8,10.0
3.1,42,2.7,19.35,5.7,6.4
10.9,68,3.2,11.01,5.2,10.0
8.0,89,0.8,6.25,5.7,10.0
3.5,38,4.4,8.57,9.4,10.0
4.1,42,2.7,34.15,7.4,8.1
4.5,29,2.9,17.78,9.3,9.7
2.6,124,1.7,11.54,7.2,6.0
3.4,146,1.9,47.06,7.2,6.2
6.9,110,0.7,14.49,8.1,7.6
1.2,93,2.1,100.0,7.2,4.8
4.6,61,2.7,13.04,8.5,7.9
4.1,79,4.0,26.83,4.0,9.6
3.1,139,4.1,38.71,5.3,10.0
5.2,84,3.5,11.54,7.8,10.0
3.5,83,1.4,51.43,6.8,4.8
1.2,97,2.6,66.67,7.6,4.9
5.4,106,1.2,3.7,3.4,10.0
4.8,64,0.0,27.08,5.8,7.6
3.5,68,2.3,34.29,8.0,8.8
4.4,83,3.4,13.64,3.9,10.0
5.2,97,1.1,28.85,7.5,8.2
5.8,87,0.9,6.9,5.9,10.0
6.2,82,3.4,3.23,6.4,10.0
3.6,24,0.7,44.44,6.6,4.4
4.9,36,3.0,10.2,5.7,10.0
6.0,145,3.7,16.67,7.7,10.0
7.3,36,1.8,6.85,5.0,10.0
2.7,76,0.4,29.63,8.6,4.1
8.3,36,4.5,19.28,7.1,10.0
7.5,112,0.4,8.0,9.0,6.8
5.1,122,3.2,9.8,8.5,10.0
3.4,94,3.8,23.53,4.8,10.0
4.7,25,1.6,14.89,6.3,7.0
5.3,56,3.2,7.55,8.9,6.8
8.3,106,2.2,3.61,6.1,10.0
6.3,40,2.6,3.17,6.3,9.4
7.0,25,2.3,0.0,7.3,10.0
5.3,137,1.0,22.64,5.4,10.0
3.7,147,3.3,40.54,9.9,9.4
3.5,127,0.8,42.86,8.8,5.9
3.3,51,2.8,9.09,7.6,7.8
5.7,71,1.5,21.05,3.9,10.0
4.5,24,1.5,22.22,5.4,8.1
8.2,41,3.1,2.44,6.9,10.0
3.6,37,3.1,27.78,6.1,8.9
7.3,113,3.5,19.18,4.7,10.0
4.1,55,1.7,24.39,5.4,8.1
3.4,109,3.6,23.53,6.9,9.3
3.6,26,2.6,33.33,9.1,5.9
3.9,75,2.4,30.77,6.1,8.4
9.0,81,2.1,3.33,6.8,10.0
4.8,79,3.4,14.58,6.2,10.0
5.1,75,3.2,41.18,5.2,10.0
5.5,93,3.8,7.27,5.5,10.0
6.3,126,2.0,15.87,6.7,10.0
3.1,140,1.1,32.26,5.8,10.0
8.7,26,2.3,4.6,4.8,10.0
6.1,98,1.4,24.59,5.4,10.0
1.9,133,2.3,15.79,5.8,8.9
2.7,34,3.6,55.56,8.1,7.5
1.5,48,2.0,80.0,5.7,6.8
1.6,75,2.8,75.0,7.2,7.2
8.1,98,3.3,13.58,3.8,10.0
4.7,141,2.7,14.89,5.9,10.0
6.3,134,3.1,14.29,8.0,10.0
3.3,82,1.1,36.36,6.7,4.8
4.4,64,2.2,13.64,6.3,7.8
10.6,77,1.7,2.83,5.1,10.0
0.1,102,3.1,100.0,3.0,7.1
6.9,40,2.7,18.84,4.3,10.0
5.5,76,1.8,12.73,6.2,9.7
8.0,131,3.9,15.0,7.5,10.0
8.9,118,0.5,24.72,6.8,10.0
4.0,21,2.3,17.5,6.8,7.2
8.2,116,1.4,10.98,5.6,10.0
6.1,90,2.5,11.48,5.4,10.0
4.6,127,2.2,13.04,5.8,10.0
3.8,74,2.3,23.68,6.4,8.2
6.0,38,1.0,26.67,6.4,9.1
7.0,51,4.4,15.71,8.1,10.0
3.3,31,2.6,42.42,6.5,7.4
4.5,95,3.8,40.0,6.8,10.0
6.1,51,1.4,11.48,7.1,9.0
3.1,21,2.7,3.23,5.3,5.1
6.4,125,2.2,23.44,7.6,8.6
7.1,48,2.9,11.27,5.9,10.0
6.8,77,3.5,14.71,6.8,10.0
5.3,56,1.0,3.77,6.9,6.8
5.7,59,1.0,22.81,8.2,8.0
4.8,87,2.1,37.5,9.1,10.0
5.4,81,3.6,27.78,7.2,10.0
3.9,136,2.2,23.08,4.9,10.0
7.2,26,0.8,15.28,6.1,8.8
4.9,142,4.8,10.2,6.3,10.0
8.0,84,4.4,6.25,4.7,10.0
7.8,65,3.4,7.69,5.8,10.0
6.0,100,1.8,20.0,7.7,10.0
6.0,55,3.9,6.67,7.7,9.2
3.1,74,5.0,3.23,5.6,9.3
7.6,27,2.4,3.95,6.4,10.0
5.5,126,2.5,36.36,6.3,10.0
7.0,45,2.7,0.0,6.7,10.0
5.0,107,3.0,26.0,7.0,8.8
3.6,36,2.0,33.33,7.2,6.0
4.8,43,3.0,16.67,6.2,7.2
5.1,97,2.3,29.41,8.2,10.0
4.1,62,2.3,51.22,5.4,6.7
8.2,53,2.7,17.07,5.3,10.0
3.8,133,4.6,10.53,8.2,10.0
2.2,64,1.5,45.45,7.6,4.5
6.6,57,1.4,9.09,7.3,7.3
4.9,55,2.9,51.02,7.7,8.0
7.6,25,2.0,10.53,3.8,10.0
5.7,35,5.0,24.56,6.8,10.0
1.9,51,3.7,42.11,5.8,8.7
6.1,127,0.9,19.67,7.9,9.3
2.5,90,3.5,0.0,7.9,7.3
6.4,109,2.5,14.06,6.2,10.0
6.4,86,2.8,15.62,7.2,8.9
4.7,77,3.3,29.79,4.6,9.5
4.5,39,2.2,20.0,9.8,7.8
5.4,148,3.0,5.56,3.9,10.0
5.3,103,1.6,22.64,7.3,8.1
2.2,48,2.8,86.36,6.3,10.0
5.6,38,2.1,32.14,5.4,9.6
8.8,134,1.9,6.82,7.5,10.0
2.9,123,3.1,34.48,4.8,10.0
3.4,76,2.3,14.71,9.5,6.2
4.9,59,2.4,22.45,6.7,9.9
5.8,115,1.8,20.69,5.9,10.0
3.8,67,2.6,39.47,6.1,8.1
5.6,34,3.1,12.5,6.1,10.0
6.5,49,2.2,9.23,7.1,10.0
5.2,22,1.8,15.38,7.0,8.5
4.4,33,3.1,36.36,6.4,9.0
3.8,71,1.7,23.68,5.2,8.0
5.7,110,3.0,31.58,7.4,10.0
5.6,122,2.1,28.57,6.6,10.0
5.8,61,3.9,15.52,3.6,10.0
4.9,57,2.1,10.2,9.6,7.3
5.8,85,1.7,10.34,5.5,10.0
5.3,138,1.4,28.3,5.8,10.0
8.7,48,2.8,17.24,7.7,10.0
2.2,137,1.7,40.91,4.1,7.0
6.0,46,1.4,16.67,4.2,9.7
3.9,91,2.0,43.59,3.0,10.0
7.2,134,2.3,16.67,7.8,10.0
4.5,46,0.9,17.78,6.4,6.1
3.7,119,3.2,43.24,7.0,10.0
2.4,136,2.5,29.17,7.2,9.0
6.7,47,1.7,28.36,5.6,10.0
4.9,90,3.2,22.45,9.3,9.4
5.1,80,1.7,29.41,8.9,6.5
8.0,50,4.0,10.0,6.1,10.0
4.6,120,2.4,15.22,6.2,8.2
5.0,86,2.1,18.0,7.1,10.0
4.2,73,2.5,38.1,7.7,9.2
5.6,89,2.4,14.29,4.5,10.0
5.8,44,0.2,10.34,9.3,6.9
4.4,27,2.7,11.36,3.2,8.0
6.7,135,2.8,8.96,7.9,10.0
5.8,71,2.3,25.86,7.6,7.9
6.6,145,3.1,18.18,3.6,10.0
7.6,50,1.6,27.63,3.9,9.4
6.4,64,5.0,4.69,5.5,10.0
1.7,124,2.4,94.12,5.2,6.6
5.6,141,2.5,12.5,7.0,10.0
2.9,53,2.7,24.14,8.3,9.0
4.2,117,1.3,23.81,6.9,9.3
4.9,77,3.0,30.61,6.8,10.0
3.8,115,1.0,36.84,9.7,6.8
7.1,28,2.2,18.31,5.0,10.0
5.5,148,2.7,27.27,5.3,10.0
4.3,88,2.0,13.95,6.1,8.3
2.6,129,3.3,57.69,7.1,10.0
3.4,98,2.6,17.65,8.0,7.5
3.5,113,0.8,2.86,7.2,6.0
7.0,32,2.0,12.86,7.6,9.4
4.3,22,1.6,25.58,3.9,8.2
7.5,106,1.8,24.0,5.0,10.0
4.6,55,2.1,17.39,7.1,8.4
4.7,87,3.1,27.66,8.9,8.9
5.3,49,2.4,30.19,4.4,10.0
6.6,127,3.4,18.18,7.0,10.0
4.2,71,1.7,42.86,6.5,7.5
5.4,95,3.4,29.63,8.7,10.0
1.2,150,2.9,66.67,8.2,8.7
3.6,81,2.9,25.0,7.7,8.2
4.1,149,1.8,24.39,6.0,10.0
6.1,123,2.9,16.39,7.3,10.0
3.5,60,1.7,5.71,4.5,7.8
2.3,78,1.9,8.7,4.5,8.4
5.3,97,2.7,7.55,5.9,8.9
4.5,93,3.1,24.44,6.3,9.9
6.6,86,2.2,19.7,4.2,10.0
2.5,46,1.6,36.0,9.8,2.8
4.1,31,1.8,53.66,6.9,7.9
1.7,39,3.8,100.0,7.3,6.1
7.6,75,1.6,13.16,5.7,10.0
3.9,92,1.1,17.95,7.2,8.9
6.2,31,2.3,16.13,7.2,8.4
7.3,30,3.8,9.59,6.6,10.0
8.4,48,1.3,15.48,6.9,10.0
0.6,65,2.9,100.0,7.9,5.6
7.1,121,3.2,5.63,4.9,10.0
3.3,102,0.6,24.24,5.3,8.1
1.3,69,2.8,100.0,7.6,7.0
5.6,118,2.4,10.71,6.5,10.0
3.4,85,2.0,38.24,6.1,9.4
3.5,133,1.8,40.0,7.6,8.6
4.3,116,3.2,11.63,4.0,10.0
5.1,105,2.9,11.76,7.6,10.0
2.5,112,3.5,36.0,6.2,10.0
6.3,120,2.5,12.7,3.7,10.0
4.5,114,2.4,24.44,6.1,10.0
5.0,150,1.7,8.0,6.8,8.7
8.5,119,1.8,18.82,9.3,10.0
4.9,88,3.7,12.24,6.3,10.0
6.2,84,2.4,20.97,7.0,10.0
1.3,95,2.1,100.0,3.4,4.6
2.3,97,0.9,82.61,4.1,8.6
5.7,142,1.6,1.75,6.4,10.0
5.5,81,2.7,12.73,10.0,8.0
4.4,57,3.7,29.55,6.2,7.3
2.0,30,1.2,70.0,5.1,5.4
4.8,143,2.2,22.92,6.4,10.0
6.4,53,1.8,15.62,6.0,10.0
2.6,127,3.5,53.85,8.9,7.7
7.1,87,0.0,16.9,7.8,8.4
6.5,20,3.9,24.62,4.4,10.0
5.6,98,2.4,12.5,7.4,10.0
4.1,30,1.3,24.39,5.2,5.9
5.1,84,2.0,0.0,4.6,10.0
2.8,86,2.5,35.71,7.9,7.5
5.9,119,1.5,15.25,4.1,10.0
1.4,21,1.8,50.0,7.4,1.4
6.4,105,2.1,21.87,6.6,10.0
3.4,98,2.2,29.41,8.4,9.0
5.5,58,2.7,12.73,6.6,10.0
3.1,71,2.1,48.39,4.2,8.6
6.3,58,3.2,22.22,8.4,9.2
5.4,91,1.5,11.11,7.9,10.0
5.1,45,2.8,11.76,5.7,7.5
7.1,92,2.8,15.49,7.3,10.0
7.0,114,1.9,11.43,5.5,10.0
7.2,24,2.9,11.11,8.4,8.2
4.5,49,3.4,24.44,6.7,9.7
3.3,67,2.7,18.18,8.2,8.5
3.9,51,1.3,20.51,5.5,7.3
5.2,84,1.3,19.23,6.8,8.6
2.5,43,1.8,64.0,7.6,7.7
6.9,73,2.9,13.04,7.0,10.0
1.3,135,2.3,100.0,8.7,5.8
7.5,77,0.9,13.33,6.6,10.0
3.0,103,2.4,53.33,6.1,6.6
4.5,48,1.8,22.22,6.9,7.9
4.1,81,3.6,26.83,3.0,10.0
4.3,123,3.8,9.3,6.7,8.2
7.2,140,1.9,15.28,9.8,10.0
5.3,59,3.1,22.64,6.3,10.0
0.8,138,3.3,100.0,8.9,7.1
5.6,82,1.5,14.29,6.3,8.2
7.7,46,2.5,19.48,5.4,10.0
3.6,89,3.9,36.11,4.8,10.0
6.1,87,4.2,13.11,4.8,10.0
4.2,96,3.2,26.19,3.8,10.0
4.8,53,3.6,29.17,7.2,9.9
7.8,147,0.0,16.67,7.8,10.0
5.0,65,1.7,22.0,7.0,7.7
5.3,59,2.5,16.98,8.9,7.0
4.8,67,3.9,8.33,6.7,9.9
8.5,149,3.2,12.94,6.4,10.0
8.4,46,2.2,17.86,7.1,10.0
4.4,102,1.1,22.73,7.5,8.7
5.2,50,2.6,28.85,7.2,10.0
4.0,112,4.0,47.5,7.2,10.0
2.9,90,1.6,34.48,4.7,8.4
5.5,133,2.8,20.0,8.3,10.0
6.3,113,3.2,7.94,6.1,10.0
6.1,30,2.1,19.67,4.2,10.0
5.9,129,1.4,22.03,3.8,10.0
2.5,38,3.0,36.0,6.6,9.4
4.9,44,1.8,30.61,5.8,6.9
8.0,68,1.7,3.75,8.5,10.0
4.7,110,2.0,25.53,5.2,10.0
5.1,145,4.3,0.0,5.7,10.0
6.0,140,2.7,10.0,5.0,10.0
4.6,99,3.6,21.74,4.4,10.0
6.9,140,2.8,23.19,8.4,10.0
3.4,110,4.9,73.53,8.6,8.5
4.8,21,2.7,27.08,5.0,8.9
4.7,46,2.9,31.91,6.3,10.0
1.8,122,1.5,50.0,7.4,7.7
4.5,131,2.9,20.0,7.3,8.3
1.3,89,3.5,61.54,5.9,10.0
3.7,42,2.0,32.43,6.6,8.4
7.3,52,3.1,17.81,6.4,10.0
6.1,85,4.4,8.2,6.1,10.0
5.5,113,3.8,10.91,6.3,10.0
5.9,40,0.5,5.08,7.0,7.8
3.2,50,2.3,40.62,5.2,7.1
3.0,134,1.9,43.33,10.0,6.1
2.6,90,2.9,34.62,5.4,8.4
2.7,110,2.0,25.93,6.1,6.8
8.8,52,1.9,9.09,7.6,10.0
4.4,31,1.8,36.36,9.4,6.0
4.3,127,1.6,23.26,4.8,10.0
4.7,33,1.8,8.51,7.9,8.4
7.6,50,2.8,21.05,6.8,10.0
5.2,64,2.3,11.54,9.0,8.0
6.4,56,1.4,21.87,6.9,9.4
6.7,111,2.5,17.91,6.7,10.0
3.1,80,1.8,16.13,7.1,4.4
4.6,141,2.7,34.78,4.8,10.0
5.1,140,1.7,23.53,8.8,10.0
1.7,54,4.3,52.94,6.1,8.2
1.5,24,2.9,100.0,10.0,4.4
4.9,139,3.5,32.65,6.9,10.0
7.9,29,2.7,7.59,6.8,10.0
6.1,111,2.2,18.03,5.4,10.0
4.3,111,2.2,0.0,9.3,9.2
6.6,40,2.2,1.52,5.5,10.0
6.7,136,3.7,26.87,7.6,10.0
4.7,127,3.8,27.66,10.0,10.0
5.5,104,1.3,14.55,5.4,8.5
3.2,33,3.2,46.88,5.9,8.9
7.5,42,2.0,22.67,6.2,10.0
6.3,76,4.2,15.87,8.1,9.2
4.2,20,1.5,14.29,6.2,8.2
0.4,37,2.1,100.0,4.0,3.9
3.5,37,3.2,28.57,5.5,9.9
5.4,39,3.6,24.07,5.9,10.0
4.7,99,3.1,17.02,6.8,9.9
3.0,116,1.9,43.33,6.6,6.7
6.4,82,0.7,14.06,6.3,8.2
6.3,76,1.7,25.4,6.3,10.0
4.4,111,4.1,15.91,5.3,10.0
3.5,69,2.6,20.0,4.0,9.3
1.0,84,2.1,80.0,5.9,8.1
4.9,44,3.0,26.53,6.7,10.0
2.6,128,2.0,42.31,6.1,7.8
2.7,139,2.0,25.93,5.1,7.1
6.5,44,2.7,13.85,5.3,10.0
3.5,62,2.4,28.57,5.9,6.5
2.7,115,4.1,3.7,6.9,10.0
7.3,104,2.4,8.22,8.8,10.0
4.7,43,1.5,29.79,6.3,9.6
4.5,56,3.0,28.89,5.9,9.0
9.0,149,1.7,11.11,7.1,10.0
7.7,63,2.5,18.18,7.3,10.0
4.2,64,1.9,11.9,5.9,9.3
3.3,22,0.8,33.33,4.4,6.9
4.9,57,3.8,24.49,4.9,10.0
6.6,75,2.5,16.67,7.5,8.8
7.6,49,3.0,5.26,6.1,10.0
8.0,43,2.1,18.75,6.7,10.0
5.0,85,1.0,22.0,5.5,9.6
3.0,119,3.4,43.33,6.8,8.9
5.2,47,1.4,36.54,7.4,8.3
8.5,149,2.9,12.94,7.3,10.0
3.4,150,1.6,8.82,6.0,6.3
4.4,91,3.1,27.27,5.4,10.0
1.3,51,2.4,61.54,7.3,7.6
3.1,40,3.1,32.26,5.0,10.0
5.9,58,1.6,20.34,7.2,10.0
6.6,27,1.9,16.67,7.5,10.0
5.8,46,2.6,5.17,8.1,7.8
1.5,106,4.0,60.0,8.6,8.1
6.4,86,1.8,23.44,9.3,8.9
0.9,23,1.3,55.56,8.8,2.1
0.0,136,3.3,100.0,5.4,6.1
5.1,43,3.6,33.33,5.3,10.0
2.9,65,3.3,51.72,7.8,6.6
5.2,99,5.0,15.38,7.3,10.0
7.1,94,2.7,7.04,7.4,10.0
3.5,81,0.5,48.57,7.8,6.3
1.2,29,3.8,100.0,7.2,5.6
3.0,65,2.0,0.0,8.8,7.0
5.4,117,2.3,16.67,3.0,10.0
2.9,126,2.8,10.34,5.5,10.0
7.7,76,3.2,5.19,6.8,10.0
4.9,59,2.0,20.41,10.0,6.2
3.2,130,3.7,34.38,5.1,10.0
7.3,99,2.1,32.88,10.0,9.9
6.0,37,1.7,35.0,5.5,8.4
7.8,111,2.7,15.38,7.6,10.0
2.8,59,2.8,32.14,7.6,8.2
7.0,25,4.0,11.43,6.6,10.0
6.8,62,2.1,14.71,6.0,10.0
4.1,44,3.4,29.27,6.3,10.0
6.6,35,3.4,18.18,5.8,10.0
7.2,145,3.2,15.28,6.6,10.0
5.4,135,2.5,20.37,6.2,10.0
4.5,68,1.8,20.0,10.0,8.1
5.6,41,1.8,14.29,9.0,6.9
3.7,143,4.1,18.92,7.6,9.9
3.2,36,1.1,6.25,6.2,5.2
5.0,140,4.7,16.0,8.3,10.0
3.6,77,3.7,25.0,6.1,9.9
4.3,64,2.5,18.6,4.6,7.4
4.2,90,0.8,19.05,7.0,7.1
5.8,140,2.2,24.14,7.3,8.2
6.6,71,1.4,16.67,6.1,9.9
4.2,76,2.5,40.48,6.8,9.7
3.4,79,1.2,26.47,6.3,9.3
7.1,150,1.7,11.27,7.6,10.0
4.4,39,0.3,20.45,3.8,5.7
7.1,80,4.3,19.72,3.0,10.0
2.3,98,1.6,26.09,6.5,8.8
4.1,119,3.8,29.27,6.8,10.0
3.3,49,2.2,42.42,6.0,9.1
4.0,141,2.2,25.0,7.5,10.0
7.7,72,1.3,14.29,5.9,10.0
4.5,144,1.0,28.89,5.2,10.0
5.4,64,2.9,22.22,4.8,10.0
4.6,34,1.7,39.13,5.5,7.0
6.0,132,1.9,6.67,7.7,9.7
3.1,94,1.5,32.26,7.2,6.3
2.2,122,4.4,50.0,5.1,10.0
4.4,136,1.1,18.18,5.5,8.4
4.6,73,4.8,30.43,6.2,10.0
2.0,123,1.6,35.0,6.3,6.2
4.1,53,3.1,36.59,7.9,7.5
9.1,64,3.3,12.09,5.6,10.0
3.9,74,3.1,35.9,8.5,6.5
4.2,91,0.9,21.43,3.0,9.0
4.5,23,2.8,33.33,4.9,9.7
4.9,26,1.1,18.37,6.4,6.5
4.9,112,3.3,20.41,7.4,10.0
2.6,76,1.0,38.46,6.1,3.7
5.1,133,2.8,15.69,3.8,10.0
4.6,144,1.9,28.26,6.7,10.0
7.3,61,0.4,17.81,6.9,7.8
4.9,63,0.0,2.04,5.8,7.4
3.2,72,3.2,31.25,8.3,6.1
7.6,38,3.7,18.42,5.8,10.0
6.2,135,2.3,17.74,6.6,10.0
4.9,37,1.6,34.69,3.6,9.0
5.5,148,2.6,3.64,9.0,10.0
3.2,47,3.4,34.38,5.5,8.5
5.4,140,1.1,27.78,6.1,10.0
4.2,83,2.9,38.1,6.6,9.8
6.5,116,2.0,0.0,9.0,10.0
2.8,82,3.7,53.57,8.6,8.6
4.4,74,3.0,9.09,6.8,10.0
7.5,51,1.7,6.67,6.5,10.0
1.2,52,3.4,100.0,3.8,5.6
4.6,48,2.4,0.0,4.9,7.5
5.5,41,3.3,0.0,4.2,10.0
4.9,137,3.7,12.24,8.3,10.0
3.0,66,3.4,60.0,8.6,10.0
6.2,141,4.6,17.74,8.2,10.0
6.8,93,3.1,22.06,7.1,10.0
3.9,108,3.0,51.28,6.8,6.7
5.6,76,1.7,12.5,5.6,10.0
3.8,75,1.9,23.68,7.5,8.0
6.2,150,2.2,3.23,7.0,10.0
6.0,86,2.8,0.0,4.2,10.0
6.5,48,1.6,16.92,6.9,9.3
8.9,79,3.4,6.74,5.8,10.0
6.5,36,2.0,29.23,7.7,10.0
4.4,79,2.8,4.55,6.1,9.5
4.1,120,1.9,29.27,5.8,6.7
7.7,105,3.2,12.99,3.1,10.0
4.9,140,2.3,14.29,5.9,10.0
6.0,63,1.4,20.0,5.6,9.8
4.2,90,0.9,16.67,6.1,5.0
7.2,99,4.4,13.89,4.7,10.0
5.3,53,1.8,20.75,4.0,10.0
5.3,29,3.2,13.21,5.8,10.0
5.0,49,1.0,30.0,5.8,7.7
4.3,88,2.8,48.84,7.1,10.0
5.8,52,3.7,27.59,5.1,10.0
5.1,82,1.2,15.69,7.5,9.5
4.8,78,2.2,22.92,6.1,9.0
1.6,130,2.5,68.75,6.7,6.0
5.7,73,2.1,8.77,4.6,10.0
6.3,76,3.7,19.05,4.7,10.0
5.5,126,3.9,30.91,6.9,10.0
4.3,92,2.4,20.93,6.7,9.4
5.8,81,4.1,17.24,5.4,10.0
5.4,105,2.9,27.78,7.7,10.0
3.6,52,1.4,27.78,5.5,6.6
3.8,65,4.0,13.16,6.0,10.0
7.4,65,1.8,17.57,5.6,10.0
5.1,101,3.6,0.0,6.2,10.0
4.9,84,1.6,20.41,9.0,6.6
6.1,27,1.7,4.92,4.3,9.4
0.8,40,1.9,100.0,9.2,2.0
3.8,148,3.1,26.32,7.5,8.1
4.4,133,2.4,34.09,7.3,10.0
6.2,28,3.2,11.29,3.3,10.0
7.1,56,1.1,23.94,6.9,9.9
3.4,42,2.2,26.47,8.5,5.4
7.1,56,3.3,8.45,8.1,10.0
8.1,81,4.1,8.64,6.4,10.0
7.4,42,2.3,16.22,5.4,10.0
4.2,135,1.3,19.05,6.1,9.3
6.6,95,1.5,18.18,5.9,10.0
5.7,82,4.5,19.3,9.7,9.6
5.2,32,4.2,13.46,7.1,10.0
2.6,53,2.8,46.15,7.3,6.7
5.5,75,2.3,23.64,8.1,9.4
3.4,41,1.0,52.94,7.2,5.8
7.0,143,2.5,30.0,7.9,10.0
8.6,60,3.8,10.47,5.5,10.0
7.1,141,2.7,9.86,5.6,10.0
1.7,58,2.5,23.53,7.2,6.7
4.3,72,1.3,34.88,7.9,6.3
6.4,55,2.2,14.06,8.5,10.0
4.1,149,2.1,29.27,6.4,10.0
3.6,30,3.8,55.56,6.8,9.9
7.1,88,2.8,5.63,4.7,10.0
5.2,22,3.5,19.23,4.5,9.8
2.5,32,3.2,44.0,8.3,4.9
7.0,142,0.5,11.43,5.0,10.0
5.2,117,1.3,25.0,7.8,9.2
5.9,137,3.7,28.81,6.8,10.0
6.7,99,2.1,13.43,6.3,10.0
2.3,42,0.9,60.87,4.9,4.1
2.9,149,0.3,34.48,6.3,7.2
4.9,33,2.4,16.33,6.9,9.2
5.2,62,2.2,30.77,8.2,8.8
6.1,48,1.4,13.11,6.7,10.0
3.5,100,3.0,34.29,6.0,7.7
2.9,25,2.6,6.9,6.4,8.2
6.7,118,2.7,14.93,6.1,10.0
1.6,46,1.7,100.0,5.7,6.1
1.2,68,3.8,50.0,10.0,8.5
3.1,39,3.1,51.61,7.3,8.9
10.2,53,3.5,11.76,7.2,10.0
6.3,43,2.4,23.81,6.2,10.0
8.1,71,2.9,16.05,7.1,10.0
4.2,124,3.4,23.81,8.7,10.0
5.0,125,4.9,16.0,6.4,10.0
2.9,129,1.3,24.14,5.1,6.8
6.7,109,3.5,20.9,4.6,10.0
6.8,55,1.7,10.29,7.9,7.8
5.4,96,3.1,14.81,5.0,10.0
4.8,149,4.1,22.92,7.6,10.0
7.7,134,2.6,12.99,9.2,10.0
7.5,121,2.7,20.0,6.7,10.0
5.3,82,4.4,7.55,8.2,10.0
4.4,58,2.5,4.55,4.9,9.5
7.3,84,1.6,10.96,5.0,10.0
7.7,122,3.3,9.09,9.8,10.0
6.9,59,2.8,20.29,5.1,10.0
2.4,32,3.2,54.17,9.3,4.6
3.5,108,1.5,48.57,6.9,9.5
4.9,80,3.6,24.49,5.0,10.0
6.2,40,1.7,12.9,8.1,10.0
5.8,148,1.3,12.07,8.6,10.0
5.2,40,3.0,15.38,9.1,5.4
5.7,26,2.6,17.54,6.2,10.0
3.6,111,3.8,8.33,8.2,8.2
4.2,27,1.7,19.05,6.6,7.2
4.8,106,3.5,10.42,6.5,9.4
5.2,76,3.1,34.62,8.6,9.6
3.5,63,3.2,0.0,5.2,6.9
6.7,76,0.8,19.4,8.2,7.7
8.3,110,3.9,12.05,5.6,10.0
8.5,118,2.0,7.06,6.5,10.0
8.0,83,1.5,18.75,5.8,10.0
6.6,68,1.8,16.67,5.7,10.0
6.3,77,1.9,15.87,5.7,10.0
2.7,61,3.2,11.11,6.8,4.9
6.3,103,2.1,17.46,7.9,10.0
6.5,111,2.9,13.85,5.9,10.0
2.1,70,1.9,71.43,10.0,2.3
3.1,83,1.2,9.68,3.0,7.6
5.2,98,3.3,25.0,7.6,10.0
3.9,146,3.7,7.69,5.8,10.0
4.8,63,2.1,31.25,3.0,10.0
7.2,114,4.4,5.56,6.7,10.0
3.6,22,3.2,25.0,6.5,9.3
4.0,97,1.1,52.5,9.0,7.9
0.0,74,1.2,100.0,5.6,3.8
6.1,91,1.8,22.95,6.5,10.0
6.7,121,0.6,19.4,5.5,10.0
5.0,86,1.1,18.0,8.0,6.6
5.6,136,4.0,25.0,5.0,10.0
6.9,103,2.5,17.39,5.8,10.0
4.0,28,3.0,10.0,6.9,8.5
3.7,139,2.5,21.62,5.3,8.4
6.2,45,2.7,8.06,4.8,10.0
2.5,48,1.6,32.0,5.8,5.6
4.5,67,2.0,35.56,6.7,6.5
5.0,87,2.9,16.0,6.2,10.0
8.2,21,1.5,14.63,6.3,10.0
4.1,125,1.0,0.0,7.2,9.9
3.2,49,3.2,15.62,7.5,7.9
6.2,61,2.7,20.97,5.2,10.0
5.9,82,4.3,28.81,4.9,10.0
8.9,21,2.3,13.48,3.9,10.0
6.8,67,4.0,16.18,6.3,10.0
3.1,92,0.6,29.03,6.0,8.0
4.1,150,0.7,26.83,7.8,10.0
3.8,89,2.8,10.53,7.8,5.5
5.1,24,2.7,19.61,7.0,8.0
5.9,127,1.8,16.95,6.3,10.0
6.7,131,2.2,0.0,5.3,10.0
6.4,88,2.4,12.5,6.5,9.8
9.0,101,3.4,10.0,6.6,10.0
6.0,82,4.2,15.0,8.1,10.0
3.8,103,0.9,26.32,6.8,8.9
5.4,47,2.6,0.0,5.7,10.0
6.3,142,4.0,36.51,6.9,10.0
6.0,82,4.0,8.33,4.8,10.0
3.0,96,2.3,23.33,4.2,8.5
5.3,109,1.8,11.32,7.5,7.6
1.6,111,1.5,100.0,5.4,6.2
4.9,74,2.9,10.2,8.3,8.3
6.6,65,2.7,19.7,4.8,10.0
6.6,37,3.9,24.24,5.8,10.0
0.3,103,1.1,100.0,4.8,4.1
3.2,22,2.9,43.75,6.3,6.9
2.0,78,3.3,80.0,7.2,9.5
7.3,146,3.0,17.81,7.2,10.0
2.5,32,3.5,48.0,6.2,7.9
6.4,137,1.2,17.19,7.6,10.0
3.5,66,1.3,20.0,5.6,6.8
3.1,112,3.8,38.71,7.4,9.6
5.2,62,3.2,21.15,8.0,9.9
5.9,126,2.9,32.2,7.7,10.0
5.4,44,0.2,14.81,7.6,6.7
5.8,85,2.5,15.52,6.8,10.0
3.2,103,1.9,46.88,7.8,7.3
7.5,53,3.3,10.67,6.4,10.0
7.1,70,2.3,11.27,4.6,10.0
0.9,43,3.3,100.0,5.1,8.0
3.7,56,3.0,24.32,7.2,9.1
8.0,125,0.9,20.0,3.5,10.0
6.1,124,2.3,14.75,8.4,9.9
4.6,26,4.2,28.26,4.5,10.0
6.2,54,2.5,1.61,7.6,8.8
3.9,25,2.5,17.95,8.5,6.1
1.5,38,2.7,46.67,7.9,2.2
5.8,49,1.1,20.69,7.4,6.8
5.2,91,2.6,13.46,4.9,10.0
2.0,33,2.1,55.0,6.9,7.5
2.9,142,2.6,27.59,4.3,9.2
3.6,29,2.0,19.44,4.4,7.7
5.4,60,5.0,16.67,5.6,10.0
2.2,30,0.9,45.45,4.8,3.3
2.8,45,1.9,7.14,6.3,6.4
2.4,86,3.8,33.33,5.7,7.6
2.9,86,0.9,34.48,9.8,4.9
3.3,36,1.1,27.27,5.0,6.4
7.0,85,2.8,18.57,5.6,10.0
1.6,53,1.7,68.75,4.6,4.9
4.9,115,2.7,22.45,7.1,10.0
5.2,62,4.3,15.38,9.2,10.0
6.9,108,1.7,18.84,7.3,10.0
2.2,122,0.0,31.82,5.3,5.0
6.4,26,1.9,28.12,6.3,9.7
6.7,141,2.3,19.4,8.0,10.0
4.2,150,1.4,21.43,7.2,9.1
3.4,125,3.1,20.59,7.1,8.9
1.0,56,1.7,70.0,7.1,3.8
3.4,38,1.8,38.24,6.4,4.7
6.0,88,2.6,10.0,7.0,10.0
4.6,57,4.3,0.0,7.1,9.9
5.4,108,1.7,12.96,4.0,10.0
4.3,69,2.6,27.91,7.9,9.6
4.8,118,2.6,39.58,6.5,10.0
5.1,137,1.3,3.92,4.6,10.0
1.9,46,2.4,36.84,8.0,5.7
4.1,95,2.1,31.71,7.7,8.4
6.0,147,1.0,31.67,5.1,10.0
5.5,45,2.1,14.55,5.6,10.0
4.2,68,2.0,50.0,6.6,10.0
8.2,62,2.9,10.98,6.9,10.0
6.2,79,4.6,25.81,6.1,10.0
5.2,102,4.2,9.62,5.7,10.0
1.2,82,4.5,75.0,8.0,7.1
3.3,22,2.4,54.55,7.9,5.4
1.2,148,1.7,100.0,8.1,8.1
5.8,106,2.5,24.14,6.9,8.2
3.9,132,1.3,46.15,5.2,8.4
1.8,144,1.9,100.0,4.0,8.8
4.5,125,2.8,31.11,5.5,10.0
6.9,144,2.5,20.29,6.6,10.0
7.8,95,2.0,6.41,9.9,10.0
3.3,142,3.3,48.48,5.3,8.6
5.9,129,1.4,10.17,3.8,10.0
4.3,144,3.4,13.95,4.3,10.0
1.9,35,4.0,42.11,7.4,9.5
3.6,113,3.5,30.56,5.3,9.1
7.6,101,1.4,3.95,4.0,10.0
4.3,44,3.9,20.93,6.3,9.5
2.6,135,3.8,65.38,7.0,10.0
4.5,59,1.3,22.22,5.7,6.1
5.3,75,0.6,9.43,7.6,6.0
2.9,30,2.4,0.0,7.9,5.7
8.0,47,2.8,20.0,7.7,10.0
2.2,45,1.4,59.09,6.5,2.8
1.7,23,2.2,70.59,5.9,5.0
3.8,63,3.7,10.53,7.3,8.2
3.3,31,1.9,21.21,6.5,8.9
4.1,72,2.7,9.76,4.7,9.2
7.1,115,2.8,21.13,7.6,10.0
2.5,40,2.3,72.0,7.1,7.4
6.0,81,3.1,6.67,6.2,10.0
7.5,93,3.5,9.33,6.7,10.0
4.6,62,3.0,34.78,7.6,9.1
3.2,146,3.2,56.25,8.0,7.5
4.6,20,4.5,13.04,6.5,10.0
3.7,117,2.4,40.54,6.0,10.0
7.8,53,2.9,15.38,7.1,10.0
5.2,22,0.0,5.77,6.2,6.2
7.4,28,2.5,16.22,6.7,10.0
6.9,67,1.9,10.14,6.5,10.0
7.3,83,2.3,6.85,5.0,10.0
4.0,64,2.5,30.0,7.4,6.5
3.0,140,3.1,43.33,6.5,9.0
4.9,64,3.6,32.65,8.0,9.5
4.9,23,0.0,40.82,7.9,5.9
4.4,67,2.3,18.18,5.7,8.8
5.8,84,4.0,22.41,4.8,10.0
2.9,118,4.5,31.03,6.6,10.0
2.7,29,3.1,37.04,5.3,10.0
0.0,31,1.2,40.0,7.1,1.0
2.5,103,0.0,20.0,5.2,5.0
3.1,150,2.3,48.39,4.3,10.0
8.1,43,3.9,18.52,4.6,10.0
6.7,28,0.6,19.4,7.1,7.8
6.7,107,3.3,13.43,5.8,10.0
5.1,46,4.1,19.61,8.3,10.0
5.2,131,2.9,7.69,7.5,8.4
4.3,26,5.0,30.23,7.3,10.0
9.5,36,1.4,7.37,7.4,10.0
2.7,56,1.9,29.63,4.1,7.8
6.4,121,3.8,34.38,5.3,10.0
3.8,31,3.5,15.79,6.8,8.3
6.3,103,3.0,20.63,8.0,10.0
6.8,145,3.3,13.24,3.6,10.0
11.2,34,3.6,8.04,8.1,10.0
2.2,56,1.9,77.27,7.1,4.5
3.5,30,3.6,5.71,8.7,7.0
8.9,122,2.1,7.87,4.9,10.0
4.5,129,1.3,28.89,5.0,10.0
4.0,83,2.5,32.5,6.8,9.5
1.7,57,3.0,70.59,5.1,8.2
4.3,89,3.2,23.26,6.5,10.0
4.4,32,3.6,22.73,8.0,8.2
4.6,104,3.2,47.83,3.0,10.0
5.7,143,2.3,19.3,5.3,10.0
5.4,143,2.6,9.26,5.8,10.0
3.0,78,2.7,50.0,7.4,8.9
3.1,32,0.9,16.13,5.7,5.9
3.0,53,3.3,20.0,5.6,9.0
8.4,108,3.9,17.86,6.9,10.0
7.5,119,2.2,14.67,8.1,10.0
3.8,74,2.8,15.79,6.8,10.0
3.7,144,1.9,27.03,7.4,9.6
7.3,39,0.8,10.96,5.6,9.1
2.9,48,2.8,41.38,7.6,6.2
3.1,112,0.5,38.71,7.6,6.5
7.1,132,3.0,0.0,3.3,10.0
4.2,37,2.1,0.0,7.3,6.0
6.2,139,2.2,0.0,6.9,10.0
6.7,36,0.3,13.43,5.5,7.0
3.5,73,0.0,22.86,8.8,6.0
6.9,114,1.4,10.14,6.1,10.0
4.9,63,4.4,24.49,5.1,10.0
0.0,32,2.9,100.0,5.5,3.7
4.7,62,2.6,23.4,7.8,7.6
9.1,33,3.3,16.48,6.2,10.0
0.0,27,2.6,100.0,7.8,3.2
4.3,41,3.5,23.26,9.5,8.7
2.2,80,2.2,13.64,8.8,7.2
2.6,65,2.4,30.77,6.3,8.4
4.8,125,1.9,31.25,7.4,9.2
5.3,142,2.7,39.62,7.9,9.8
5.6,59,0.0,23.21,7.0,9.0
8.4,94,1.8,9.52,6.1,10.0
3.4,64,2.8,20.59,6.9,9.0
6.9,136,3.5,15.94,5.3,10.0
7.8,52,2.0,1.28,7.2,10.0
6.5,24,3.0,16.92,6.5,10.0
3.5,48,2.9,22.86,6.1,7.4
3.9,66,1.4,41.03,5.8,6.9
4.7,27,3.0,14.89,7.8,8.9
3.8,85,2.2,18.42,8.8,5.3
4.9,112,0.5,12.24,3.0,10.0
7.0,135,1.8,8.57,6.4,10.0
6.3,91,3.8,6.35,6.9,10.0
3.4,66,2.7,17.65,6.5,8.0
7.7,105,2.7,16.88,10.0,10.0
0.0,69,3.8,100.0,4.6,8.2
3.6,119,1.1,36.11,5.3,8.4
7.5,34,2.6,14.67,7.4,10.0
8.3,79,3.8,8.43,7.2,10.0
8.5,144,1.3,5.88,5.8,10.0
4.2,110,1.9,19.05,5.1,10.0
3.7,62,2.3,27.03,6.9,8.1
5.7,141,2.4,0.0,8.6,9.6
1.2,135,3.0,100.0,6.9,7.0
7.0,67,3.4,5.71,6.9,10.0
4.1,144,3.0,43.9,6.5,10.0
5.4,132,3.8,14.81,4.9,10.0
7.7,23,3.2,22.08,6.6,10.0
7.9,101,1.8,13.92,7.3,10.0
2.9,61,0.6,34.48,5.8,4.2
2.9,128,1.9,44.83,6.1,7.5
5.1,148,3.2,17.65,8.3,8.6
6.1,37,3.7,18.03,6.2,10.0
5.6,117,2.2,16.07,6.3,10.0
4.8,145,3.6,39.58,5.3,10.0
9.4,137,2.7,15.96,5.8,10.0
5.3,93,2.1,9.43,6.9,9.7
5.2,117,3.5,5.77,7.4,10.0
4.3,79,1.8,25.58,5.3,8.2
4.6,58,2.3,30.43,6.6,8.8
4.4,98,2.6,13.64,7.1,10.0
7.8,36,2.7,8.97,6.7,10.0
6.9,113,1.2,17.39,5.6,10.0
3.9,65,2.2,23.08,4.5,8.8
6.4,56,1.5,12.5,8.4,10.0
1.1,80,2.6,72.73,5.9,8.8
3.6,61,2.2,27.78,8.2,6.2
6.4,91,2.6,10.94,6.3,10.0
5.1,67,4.5,13.73,5.6,10.0
1.8,132,4.3,94.44,4.8,10.0
5.2,120,1.6,19.23,5.7,10.0
4.3,71,3.6,16.28,8.5,10.0
6.4,47,2.5,15.62,3.8,10.0
6.2,123,3.5,3.23,5.5,10.0
5.0,83,3.4,30.0,5.6,10.0
8.4,90,2.3,11.9,5.8,10.0
3.8,46,2.7,15.79,8.0,4.8
5.1,37,4.1,17.65,5.2,8.9
7.5,44,2.6,16.0,8.2,10.0
5.5,81,1.0,23.64,8.0,10.0
6.1,100,3.6,9.84,4.5,10.0
8.9,24,3.6,6.74,5.7,10.0
5.2,30,1.7,30.77,4.0,8.1
2.6,62,3.2,38.46,6.2,9.4
4.9,61,2.9,26.53,3.4,10.0
4.5,21,1.9,22.22,4.8,10.0
8.1,48,1.9,7.41,4.5,10.0
4.5,146,2.4,13.33,4.6,10.0
2.9,93,2.4,31.03,8.1,6.0
7.6,75,2.1,3.95,9.7,7.8
3.5,107,3.7,62.86,6.8,9.7
4.1,95,1.5,19.51,6.6,5.2
6.9,69,1.9,17.39,6.9,10.0
4.7,23,3.9,34.04,5.1,10.0
6.2,101,2.8,9.68,5.1,10.0
3.6,137,3.6,22.22,7.0,7.9
6.6,55,2.7,16.67,5.6,10.0
3.2,146,2.7,37.5,4.1,10.0
9.4,119,0.4,14.89,7.3,10.0
1.7,126,2.4,41.18,4.3,7.4
7.0,47,2.8,12.86,6.5,10.0
5.2,96,2.3,15.38,10.0,8.2
4.9,35,3.2,18.37,7.2,10.0
9.1,76,2.2,8.79,7.4,10.0
5.4,95,3.4,11.11,9.0,7.6
5.8,57,2.7,27.59,6.1,10.0
7.0,120,2.3,34.29,9.1,10.0
3.3,36,2.3,36.36,9.0,6.7
4.6,124,2.0,17.39,5.3,10.0
5.9,44,2.8,10.17,9.2,8.2
4.5,149,3.2,35.56,6.6,10.0
6.2,63,3.5,22.58,6.3,9.7
6.0,150,2.0,13.33,5.6,10.0
2.4,68,2.5,62.5,8.2,7.2
4.1,135,2.2,36.59,5.7,9.6
2.5,105,0.9,32.0,7.2,4.7
4.3,129,2.6,30.23,5.9,10.0
2.7,100,2.2,25.93,7.6,6.8
4.2,69,1.2,30.95,6.3,8.0
6.2,72,1.9,9.68,5.8,10.0
5.4,24,2.6,20.37,5.3,10.0
5.8,110,3.1,17.24,7.8,10.0
2.4,110,3.3,58.33,5.3,7.6
6.1,150,4.1,22.95,7.0,10.0
4.9,21,3.0,14.29,4.5,10.0
8.8,95,1.7,14.77,7.1,10.0
6.2,63,1.9,14.52,4.9,10.0
2.2,20,3.0,40.91,7.4,4.5
3.8,43,1.9,57.89,4.9,8.8
6.9,111,2.9,20.29,5.7,10.0
5.0,71,3.3,6.0,3.5,10.0
7.4,98,1.2,21.62,6.3,10.0
5.1,51,2.0,31.37,6.9,10.0
0.2,81,1.3,100.0,5.7,4.3
2.6,120,3.3,15.38,6.3,9.4
6.2,56,1.6,8.06,6.0,9.5
4.5,83,2.8,17.78,9.0,7.1
6.0,49,3.2,20.0,8.9,10.0
4.1,52,1.6,34.15,8.1,7.0
1.1,47,1.2,90.91,6.5,3.0
7.1,116,2.9,15.49,4.0,10.0
4.9,37,1.8,24.49,6.5,8.6
1.5,45,3.2,20.0,7.8,4.3
5.5,67,1.0,25.45,6.9,9.2
0.9,55,3.3,100.0,5.9,8.0
4.4,38,2.7,40.91,8.6,6.3
4.7,99,2.0,27.66,9.9,8.2
6.2,67,3.8,11.29,6.9,10.0
5.8,92,2.0,25.86,9.1,9.7
6.6,95,2.5,16.67,3.0,10.0
9.2,147,3.9,10.87,7.6,10.0
5.8,117,1.7,22.41,7.8,8.6
4.4,28,3.0,25.0,4.3,10.0
8.1,128,1.7,18.52,7.4,10.0
5.1,23,2.8,25.49,5.1,9.9
5.2,51,0.7,40.38,8.2,5.4
2.6,132,3.3,42.31,5.6,10.0
7.4,40,1.5,2.7,7.7,9.4
7.7,147,0.5,18.18,5.4,10.0
3.9,113,3.6,12.82,8.4,10.0
6.7,105,1.6,0.0,8.9,10.0
6.9,68,2.6,5.8,6.8,10.0
6.7,111,0.5,7.46,10.0,8.7
4.6,24,2.2,19.57,6.0,7.5
3.7,139,4.6,18.92,8.2,10.0
4.5,79,3.2,20.0,5.9,10.0
1.7,79,2.3,70.59,7.5,6.5
3.2,109,2.2,25.0,6.8,10.0
2.0,65,3.6,0.0,7.1,8.4
2.7,109,3.5,77.78,3.6,10.0
2.1,70,3.1,61.9,6.7,10.0
6.5,150,2.8,26.15,8.1,10.0
4.7,29,3.3,25.53,7.3,6.8
5.5,106,4.0,23.64,6.6,10.0
4.1,31,1.5,14.63,3.6,9.5
8.2,84,0.6,17.07,7.3,9.6
2.2,81,1.2,0.0,8.4,3.8
2.5,50,2.2,40.0,6.1,4.5
4.4,136,3.1,6.82,6.6,10.0
6.8,117,1.4,4.41,10.0,9.8
6.2,32,1.5,22.58,4.6,8.4
3.9,34,1.9,15.38,6.6,8.1
9.5,79,2.6,10.53,6.7,10.0
3.6,109,2.9,27.78,7.2,9.3
4.4,119,2.6,4.55,4.7,10.0
7.1,86,2.2,5.63,4.9,10.0
5.9,93,1.8,13.56,8.3,8.9
5.0,100,2.5,0.0,7.6,9.9
4.0,45,1.5,20.0,5.1,8.4
4.2,47,2.2,14.29,6.0,9.3
4.7,36,2.2,21.28,6.4,10.0
2.2,42,1.1,4.55,5.5,8.1
4.7,127,2.3,12.77,5.6,10.0
7.1,148,2.7,14.08,4.7,10.0
1.1,144,2.6,0.0,3.8,8.7
4.9,73,2.0,22.45,6.7,9.7
4.9,115,2.0,4.08,7.2,9.6
6.2,132,2.5,17.74,6.9,10.0
3.2,116,3.1,9.37,8.4,8.0
7.7,26,2.7,10.39,7.4,10.0
3.9,79,2.6,33.33,5.5,8.4
5.7,103,0.7,14.04,7.5,8.9
0.0,76,3.6,100.0,7.8,4.7
3.2,20,2.3,34.38,4.4,8.5
10.3,136,3.9,9.71,7.0,10.0
3.3,114,2.2,30.3,5.3,10.0
4.2,28,3.0,26.19,7.3,9.3
1.1,126,2.7,54.55,5.5,6.4
5.9,123,4.0,30.51,4.4,10.0
7.2,145,0.7,11.11,7.2,10.0
5.3,112,1.8,0.0,6.4,10.0
4.5,32,2.5,15.56,5.9,10.0
5.2,91,3.3,11.54,6.2,10.0
3.0,83,1.4,56.67,7.2,8.9
8.0,67,4.0,5.0,6.4,10.0
4.8,102,1.6,16.67,5.2,9.5
4.1,110,2.9,43.9,5.2,10.0
6.9,39,1.7,0.0,6.1,9.5
6.5,59,2.7,24.62,6.0,10.0
3.7,100,3.8,35.14,6.1,10.0
5.5,41,2.3,10.91,8.5,8.5
5.1,20,2.8,17.65,4.9,9.8
3.6,53,3.9,16.67,4.7,9.3
8.9,60,1.9,15.73,4.8,10.0
5.0,69,3.0,10.0,8.8,10.0
5.3,20,1.0,15.09,6.3,5.5
3.7,141,4.4,37.84,7.2,10.0
4.4,85,2.6,34.09,7.3,10.0
5.3,110,5.0,30.19,5.3,10.0
7.0,45,2.9,21.43,7.5,10.0
6.2,131,0.8,17.74,4.4,10.0
4.8,97,2.0,31.25,5.3,9.2
5.3,89,1.8,18.87,7.1,10.0
5.0,92,2.6,22.0,6.9,9.3
3.3,40,3.4,24.24,8.2,6.9
6.1,48,2.0,21.31,3.2,10.0
2.3,72,2.7,21.74,7.8,5.5
4.7,143,3.0,10.64,8.8,9.4
6.5,123,2.8,16.92,6.7,10.0
5.1,127,3.0,29.41,8.4,10.0
3.5,29,3.4,45.71,6.6,8.8
4.7,113,3.2,8.51,6.3,10.0
3.5,128,2.5,40.0,5.5,8.9
5.2,39,3.3,19.23,6.0,7.7
4.9,142,0.4,16.33,6.1,10.0
8.3,53,3.4,18.07,7.1,10.0
2.6,122,1.4,34.62,6.0,8.6
5.7,103,1.9,14.04,7.7,9.6
4.7,86,0.8,8.51,8.1,7.1
4.0,131,0.0,35.0,8.4,5.9
2.2,49,2.1,54.55,8.4,4.7
4.8,91,3.4,16.67,5.8,10.0
11.5,58,3.0,1.74,8.6,10.0
5.8,138,3.8,18.97,8.2,10.0
7.6,33,1.1,0.0,4.5,10.0
5.8,56,2.7,24.14,3.0,10.0
5.0,21,2.7,26.0,7.9,7.4
4.5,97,2.4,17.78,6.5,10.0
4.2,47,2.2,23.81,5.3,9.5
5.0,29,2.8,38.0,7.1,7.6
3.8,47,3.6,5.26,4.9,9.9
5.0,84,2.2,14.0,8.1,10.0
2.6,123,0.5,61.54,8.3,5.2
6.2,104,2.9,22.58,8.2,10.0
4.6,66,1.9,34.78,4.7,9.8
3.2,75,3.8,15.62,6.7,7.2
5.9,99,3.2,15.25,7.7,10.0
5.8,89,1.4,18.97,5.5,9.7
3.3,124,2.4,3.03,6.0,9.7
5.6,38,2.8,19.64,4.1,10.0
6.7,71,1.3,23.88,6.5,9.6
8.3,117,1.6,3.61,7.9,10.0
7.7,73,3.3,1.3,9.3,10.0
3.6,32,3.0,22.22,7.4,5.5
4.6,58,3.3,10.87,6.3,8.6
4.5,28,1.3,37.78,7.3,6.1
6.2,89,2.4,22.58,6.2,10.0
4.1,103,3.0,46.34,6.8,10.0
8.0,34,4.0,6.25,5.9,10.0
6.2,40,3.5,19.35,3.8,10.0
8.0,29,1.7,6.25,5.7,10.0
4.3,124,2.2,25.58,4.9,9.1
6.6,67,4.7,1.52,8.7,10.0
4.3,23,2.1,11.63,5.4,9.0
2.5,41,2.9,48.0,6.7,7.5
6.2,21,2.8,17.74,7.1,10.0
5.9,44,2.8,6.78,5.9,10.0
2.7,145,1.8,7.41,6.0,9.0
4.6,57,2.1,21.74,5.5,7.2
1.7,75,3.2,29.41,5.4,6.0
5.9,117,2.8,3.39,6.4,10.0
6.1,54,5.0,0.0,7.3,10.0
8.2,47,5.0,0.0,6.1,10.0
4.6,149,2.1,0.0,4.4,10.0
2.3,141,3.6,4.35,7.2,8.7
6.3,47,2.3,7.94,6.6,10.0
6.8,68,2.9,0.0,6.9,10.0
4.7,111,2.1,10.64,6.1,10.0
5.3,69,1.2,20.75,3.2,10.0
3.5,81,3.5,22.86,5.2,10.0
8.8,84,4.4,17.05,6.9,10.0
3.2,130,1.6,40.62,6.2,10.0
4.2,32,2.1,38.1,6.7,8.0
2.3,78,1.2,34.78,5.5,7.7
5.0,147,2.4,22.0,8.9,10.0
4.9,92,3.7,32.65,5.8,10.0
2.7,50,2.3,66.67,3.6,8.5
5.6,22,0.8,7.14,5.0,8.2
5.7,125,2.2,26.32,7.9,10.0
4.4,94,2.0,34.09,5.9,9.7
6.1,122,3.7,19.67,5.7,10.0
5.2,133,3.4,7.69,9.5,10.0
5.4,59,1.8,25.93,5.0,9.9
4.6,53,0.4,26.09,5.9,6.1
2.1,22,3.2,57.14,6.7,5.2
6.2,35,3.9,33.87,6.7,10.0
5.6,143,1.7,19.64,4.5,10.0
7.8,96,2.2,14.1,3.9,10.0
6.2,84,1.2,22.58,6.6,9.4
8.0,136,3.2,3.75,5.8,10.0
2.5,125,1.5,20.0,3.4,7.0
5.0,27,3.3,20.0,5.8,10.0
6.3,58,2.0,36.51,10.0,10.0
6.7,84,3.6,28.36,3.5,10.0
1.4,113,2.7,100.0,4.5,10.0
3.0,107,2.2,20.0,3.8,7.6
1.9,100,2.2,78.95,4.3,6.4
2.0,42,1.6,45.0,8.3,5.8
11.0,139,3.2,2.73,8.1,10.0
4.3,106,3.6,34.88,9.3,9.0
2.5,115,2.7,20.0,6.2,8.6
8.5,90,2.0,11.76,4.9,10.0
10.6,39,1.1,0.0,7.5,10.0
8.9,77,1.2,13.48,3.5,10.0
4.7,61,3.7,29.79,7.2,10.0
8.9,64,3.8,5.62,6.5,10.0
5.8,136,1.6,22.41,5.6,10.0
2.6,132,2.1,11.54,8.8,8.0
7.1,137,3.2,30.99,6.3,10.0
7.9,32,2.5,8.86,7.6,10.0
5.1,99,1.4,9.8,6.5,10.0
6.4,78,4.9,9.37,4.0,10.0
8.2,78,1.1,9.76,8.7,10.0
4.1,56,1.6,19.51,9.5,4.3
6.7,112,2.2,10.45,7.6,10.0
5.8,135,2.2,20.69,6.2,8.8
3.2,126,2.8,18.75,6.8,10.0
4.1,73,4.1,39.02,9.3,7.4
2.9,87,1.4,10.34,3.9,7.8
4.4,144,2.9,11.36,6.4,10.0
6.5,20,2.4,23.08,8.9,7.3
5.7,47,2.8,19.3,7.9,10.0
4.9,58,1.9,32.65,5.8,9.1
4.7,149,1.7,19.15,7.5,10.0
4.2,80,2.4,35.71,4.2,8.9
5.4,29,3.1,25.93,9.1,10.0
3.5,38,2.8,37.14,8.0,8.0
3.8,135,0.0,13.16,3.9,8.0
6.6,26,2.3,6.06,7.5,10.0
5.4,79,2.1,29.63,6.1,8.6
4.4,76,2.9,15.91,5.7,9.2
6.3,37,0.5,7.94,6.0,6.9
8.5,23,1.0,5.88,6.4,10.0
4.1,116,1.4,24.39,6.4,8.6
6.3,106,1.2,25.4,9.1,8.9
6.3,134,4.4,7.94,4.9,10.0
5.4,99,2.6,22.22,3.6,10.0
7.3,74,3.0,16.44,6.6,10.0
6.8,36,3.3,8.82,7.5,10.0
5.1,98,3.9,13.73,6.0,10.0
5.1,57,1.3,21.57,4.7,7.6
3.5,35,3.5,42.86,6.4,7.9
0.0,138,3.0,100.0,8.1,6.7
5.3,38,3.7,0.0,5.5,10.0
6.8,83,1.8,29.41,4.5,10.0
6.6,86,0.4,27.27,4.9,10.0
4.9,87,3.6,20.41,7.5,10.0
8.4,71,1.3,14.29,7.1,10.0
3.8,75,1.4,23.68,5.6,7.3
6.0,128,2.1,13.33,9.2,10.0
3.6,28,4.2,27.78,10.0,7.5
4.3,67,3.0,0.0,6.5,10.0
9.0,21,2.9,10.0,8.1,10.0
6.1,51,1.3,16.39,4.0,10.0
4.2,102,3.2,38.1,7.6,9.0
5.7,146,3.2,22.81,6.4,10.0
2.9,27,3.1,37.93,6.1,6.6
8.8,59,2.5,11.36,8.3,10.0
9.3,85,3.3,12.9,5.5,10.0
3.6,26,3.0,44.44,6.1,8.1
5.6,111,3.1,7.14,7.5,10.0
5.2,86,2.7,26.92,5.2,10.0
4.0,39,2.3,30.0,6.2,6.4
1.3,55,1.4,53.85,5.4,5.4
6.7,84,3.5,16.42,6.7,10.0
5.7,121,2.4,19.3,5.8,10.0
3.0,132,3.2,26.67,8.2,7.3
1.2,95,3.7,0.0,5.9,8.5
6.5,85,1.3,32.31,7.5,10.0
4.5,108,2.2,26.67,3.0,9.5
3.3,20,3.1,21.21,4.0,10.0
6.5,98,3.6,33.85,8.1,10.0
7.7,75,3.8,22.08,6.9,10.0
6.5,26,1.7,20.0,9.1,5.9
6.7,36,2.5,25.37,6.0,10.0
2.4,136,2.8,20.83,6.6,9.5
5.1,59,2.9,17.65,6.5,9.9
6.9,65,2.6,13.04,4.2,10.0
6.8,77,1.1,20.59,7.6,10.0
3.5,118,3.1,22.86,5.5,9.9
6.3,82,2.8,15.87,6.6,10.0
3.2,50,2.1,28.12,6.5,7.9
6.0,53,3.0,25.0,7.1,10.0
1.9,35,2.4,52.63,6.7,6.4
9.4,101,1.5,13.83,3.0,10.0
7.6,67,1.8,10.53,5.2,10.0
6.3,140,2.8,14.29,6.5,10.0
5.4,57,2.9,5.56,8.4,10.0
6.6,35,4.9,7.58,7.2,10.0
2.0,145,2.6,30.0,7.1,7.0
3.5,104,2.8,45.71,7.7,7.2
5.2,48,2.5,36.54,7.5,9.4
9.1,21,3.8,6.59,8.8,10.0
4.4,54,2.7,38.64,7.1,8.4
5.8,45,3.0,27.59,7.3,9.0
0.0,77,1.1,100.0,7.1,3.6
6.2,85,1.8,22.58,5.2,10.0
2.1,26,3.3,28.57,7.1,6.8
4.2,70,2.4,28.57,6.3,8.5
3.1,87,1.8,41.94,5.5,5.7
2.4,108,1.9,87.5,7.0,6.6
6.5,113,2.0,27.69,7.1,10.0
5.2,82,3.0,19.23,7.5,9.7
2.0,51,2.4,55.0,8.0,3.7
5.3,91,0.8,18.87,6.5,9.3
5.5,27,0.4,12.73,8.5,5.4
4.1,24,1.9,31.71,5.9,9.2
3.2,114,3.7,37.5,7.4,10.0
1.3,38,1.6,100.0,7.1,3.0
4.7,71,2.5,38.3,8.3,9.6
0.0,34,2.1,100.0,7.3,4.5
7.4,124,2.4,24.32,5.9,10.0
6.1,103,4.9,19.67,4.3,10.0
9.5,113,2.5,13.68,5.8,10.0
5.7,87,1.4,29.82,7.9,9.0
6.8,99,4.1,22.06,5.6,10.0
5.7,66,3.8,21.05,7.2,10.0
0.0,144,2.6,100.0,5.2,8.0
3.0,92,1.8,33.33,6.5,7.2
3.5,131,1.9,20.0,3.2,10.0
6.8,73,3.8,19.12,6.8,10.0
7.9,79,2.3,15.19,7.9,10.0
5.1,105,1.5,35.29,7.4,7.9
5.7,133,4.4,1.75,9.0,10.0
3.1,112,2.2,35.48,4.2,8.0
0.6,142,3.7,33.33,7.8,8.3
3.7,22,2.8,27.03,4.3,9.4
6.5,69,3.5,12.31,5.1,10.0
6.1,45,2.8,18.03,3.0,10.0
4.4,107,3.3,29.55,7.4,8.1
3.5,125,2.8,0.0,6.0,7.6
7.1,82,2.1,5.63,7.1,10.0
4.9,76,2.7,10.2,8.5,9.2
4.1,125,3.2,34.15,5.6,10.0
6.8,32,1.1,8.82,5.8,10.0
4.7,149,3.8,19.15,5.8,10.0
6.3,125,3.0,12.7,6.1,10.0
5.0,105,2.2,20.0,7.1,9.6
6.0,65,3.1,8.33,7.9,7.8
5.8,144,4.7,13.79,6.4,10.0
5.8,63,5.0,20.69,6.3,10.0
3.3,63,1.8,63.64,8.7,5.7
5.0,93,2.9,12.0,6.1,10.0
8.0,28,1.5,23.75,5.9,9.9
0.8,138,4.2,87.5,6.8,8.1
2.6,29,2.9,46.15,5.5,9.6
6.7,76,3.7,20.9,5.2,10.0
5.0,136,2.8,32.0,4.1,10.0
4.9,82,1.8,14.29,4.1,8.9
5.5,36,1.8,27.27,6.5,9.6
7.0,25,2.5,15.71,4.4,10.0
5.7,67,4.0,12.28,5.4,10.0
3.8,129,2.2,2.63,8.0,10.0
6.1,60,3.1,27.87,6.8,10.0
4.1,21,2.8,19.51,8.6,7.1
5.0,42,3.0,18.0,4.8,10.0
6.9,55,2.9,11.59,7.9,10.0
7.3,60,1.9,16.44,6.8,10.0
7.7,109,1.6,14.29,7.3,10.0
2.6,103,2.2,11.54,7.3,8.0
5.0,111,2.6,32.0,6.3,9.1
6.7,36,1.7,8.96,8.3,7.8
5.3,143,3.1,26.42,5.9,10.0
5.8,150,2.2,18.97,7.5,10.0
5.3,141,1.2,0.0,4.7,10.0
5.0,146,2.5,18.0,7.1,10.0
2.3,102,4.6,30.43,6.2,9.5
7.4,59,1.7,20.27,5.7,9.9
6.1,82,3.9,6.56,7.4,10.0
6.7,131,3.8,11.94,5.8,10.0
4.4,74,3.2,15.91,8.5,6.2
6.3,29,3.2,11.11,8.0,10.0
5.6,136,3.1,7.14,7.9,10.0
4.1,69,2.8,21.95,6.9,9.3
4.7,62,3.7,4.26,3.9,10.0
6.0,88,2.1,16.67,10.0,10.0
8.0,36,3.3,17.5,5.7,10.0
6.6,83,2.0,18.18,7.7,9.6
6.9,96,2.9,10.14,10.0,10.0
2.1,51,3.3,47.62,7.0,6.0
4.4,49,5.0,29.55,5.7,10.0
2.4,20,0.7,37.5,8.0,3.5
4.3,61,3.6,9.3,5.4,10.0
4.4,43,1.7,34.09,6.2,7.6
4.0,125,2.1,35.0,6.7,9.8
6.0,149,1.9,26.67,9.2,10.0
5.3,97,2.0,11.32,5.6,10.0
3.4,67,2.7,35.29,6.4,6.8
6.3,91,3.3,4.76,9.3,10.0
4.8,32,2.4,18.75,7.0,7.9
6.0,110,2.5,31.67,6.6,9.5
4.6,23,1.6,17.39,8.0,7.6
5.2,96,2.2,11.54,7.5,9.6
8.1,60,1.8,1.23,6.9,10.0
7.4,44,0.0,6.76,8.5,9.5
3.8,57,3.7,15.79,7.9,7.2
5.5,100,1.7,38.18,8.5,10.0
7.0,89,2.4,15.71,5.9,10.0
5.0,35,3.8,12.0,9.9,5.7
6.8,93,1.6,8.82,3.9,10.0
3.5,143,3.3,22.86,5.6,10.0
7.5,45,1.9,4.0,3.8,10.0
5.3,128,3.4,11.32,5.6,10.0
4.1,36,3.4,41.46,6.1,10.0
5.7,108,3.1,8.77,7.8,10.0
5.2,79,1.9,19.23,7.1,10.0
1.4,133,0.8,50.0,6.5,5.6
4.8,77,1.0,29.17,5.3,9.4
5.3,145,2.2,20.75,6.4,10.0
6.2,64,2.4,32.26,4.7,8.8
9.3,114,2.6,16.13,4.8,10.0
7.4,97,5.0,22.97,6.8,10.0
5.2,127,3.0,26.92,6.0,10.0
5.5,72,4.2,23.64,7.1,10.0
4.8,79,2.5,20.83,6.8,8.7
5.3,69,2.6,22.64,9.2,7.4
2.6,24,3.6,57.69,6.1,6.8
2.7,65,3.4,33.33,7.5,10.0
6.0,66,2.3,15.0,6.0,9.2
3.7,26,3.2,35.14,8.3,6.0
10.3,68,2.9,8.74,9.8,10.0
2.7,34,0.8,55.56,6.8,6.4
4.1,91,2.1,29.27,7.8,7.1
3.5,109,1.7,34.29,5.6,7.9
6.0,113,2.2,13.33,5.6,9.5
3.6,90,3.6,25.0,7.0,9.6
5.0,70,4.5,10.0,7.4,10.0
4.5,53,2.2,40.0,8.2,10.0
7.3,64,3.1,0.0,6.2,10.0
2.3,71,1.3,47.83,4.2,7.5
3.6,21,2.9,8.33,4.8,8.8
8.7,94,3.4,19.54,7.1,10.0
4.3,68,2.5,16.28,5.5,10.0
1.4,77,1.4,21.43,6.1,4.4
5.7,58,3.9,8.77,5.0,10.0
7.0,87,4.4,5.71,3.5,10.0
5.5,87,1.4,40.0,9.2,7.0
2.2,42,2.9,90.91,4.2,6.2
6.4,27,2.0,6.25,5.9,10.0
6.0,134,2.1,18.33,7.0,10.0
6.4,82,3.3,15.62,5.1,10.0
5.1,25,3.8,7.84,7.1,8.4
2.8,77,3.7,39.29,5.6,10.0
6.3,36,2.1,3.17,5.7,9.6
3.2,28,4.9,40.62,4.3,8.5
9.0,26,1.9,6.67,6.9,10.0
3.7,95,1.3,27.03,9.6,3.5
3.9,80,2.7,7.69,6.4,9.8
3.6,45,3.1,25.0,7.3,5.5
3.2,51,2.4,6.25,6.5,6.2
6.7,125,1.7,23.88,7.5,10.0
3.5,117,0.0,17.14,6.9,6.3
